timestamp,x,y,z
1747398190052306,0.049243,0.0337039,0.0707768
1747398190070918,0.0493863,0.0354855,0.0710127
1747398190109758,0.0346841,0.0436205,0.0856428
1747398190302759,0.0483941,0.0335506,0.0707339
1747398190332555,-0.374388,0.339803,0.656353
1747398190332782,-0.343165,0.312992,0.611475
1747398190332876,-0.348782,0.319896,0.620269
1747398190332997,-0.332844,0.305641,0.597136
1747398190333372,-0.338144,0.312247,0.60546
1747398190333587,-0.361764,0.324699,0.636705
1747398190333896,-0.35058,0.316772,0.621184
1747398190333923,-0.351156,0.32302,0.623981
1747398190333950,-0.384103,0.345296,0.669445
1747398190333960,-0.335629,0.309045,0.601511
1747398190334153,-0.340384,0.315239,0.608972
1747398190334212,-0.354002,0.320711,0.626531
1747398190334212,-0.362476,0.331197,0.639754
1747398190334231,-0.359958,0.327933,0.635828
1747398190340494,0.0470882,0.0335579,0.0684558
1747398190342384,0.0491415,0.0358937,0.0718126
1747398190352773,-0.563035,0.464896,0.911114
1747398190353988,-0.53793,0.4497,0.881438
1747398190354427,-0.53714,0.455984,0.880229
1747398190354521,-0.528801,0.454157,0.870249
1747398190354785,-0.570564,0.476028,0.922358
1747398190354809,-0.540122,0.445291,0.879483
1747398190357639,-0.34117,0.318111,0.612147
1747398190357714,-0.483602,0.409942,0.806749
1747398190358870,-0.261725,0.245065,0.496032
1747398190358974,-0.285755,0.262719,0.529625
1747398190359211,-0.258197,0.240368,0.490374
1747398190359609,-0.268849,0.249942,0.505884
1747398190359906,-0.263236,0.247228,0.498453
1747398190360009,-0.260044,0.242777,0.493337
1747398190360063,-0.271851,0.254291,0.510676
1747398190360096,-0.267079,0.247568,0.503054
1747398190360178,-0.258197,0.240368,0.490374
1747398190360283,-0.270441,0.252184,0.508427
1747398190360349,-0.282018,0.257743,0.523688
1747398190360385,-0.264573,0.249261,0.500594
1747398190360682,-0.261725,0.245065,0.496032
1747398190360698,-0.313241,0.277667,0.566308
1747398190362875,-0.271275,0.255289,0.514704
1747398190363351,-0.273133,0.257781,0.517705
1747398190363719,-0.26576,0.252636,0.507392
1747398190364428,-0.26206,0.247709,0.501399
1747398190364544,-0.276701,0.257821,0.521826
1747398190364659,-0.269233,0.252663,0.511408
1747398190364897,-0.267608,0.254975,0.512064
1747398190365237,-0.269648,0.257625,0.515381
1747398190366094,-0.308645,0.295636,0.573376
1747398190366325,-0.288776,0.279823,0.544795
1747398190366410,-0.277177,0.273916,0.529339
1747398190366502,-0.267682,0.265742,0.515493
1747398190366676,-0.280734,0.273984,0.533447
1747398190367019,-0.265622,0.263013,0.512124
1747398190367034,-0.273023,0.268386,0.522566
1747398190367126,-0.363411,0.337166,0.651356
1747398190367138,-0.239181,0.222065,0.464227
1747398190367150,-0.271256,0.270774,0.521335
1747398190367188,-0.291196,0.2829,0.548717
1747398190367270,-0.295399,0.288563,0.555525
1747398190367411,-0.269561,0.268331,0.518566
1747398190367531,-0.315117,0.298952,0.58197
1747398190367622,-0.24539,0.226173,0.472794
1747398190367796,-0.287006,0.282379,0.543638
1747398190368469,-0.239181,0.222065,0.464227
1747398190374850,-0.251361,0.253383,0.493506
1747398190374909,-0.248652,0.249193,0.489042
1747398190375162,-0.247057,0.246909,0.48641
1747398190375170,-0.267905,0.261892,0.515869
1747398190375397,-0.308933,0.291383,0.573852
1747398190375444,-0.245306,0.244504,0.483519
1747398190375625,-0.258269,0.258419,0.503298
1747398190375700,-0.255415,0.254078,0.49861
1747398190375703,-0.27145,0.266857,0.521664
1747398190375830,-0.251893,0.249214,0.492813
1747398190375876,-0.253736,0.251709,0.495847
1747398190376069,-0.251361,0.253383,0.493506
1747398190376076,-0.250088,0.251352,0.491409
1747398190376103,-0.258738,0.254108,0.502474
1747398190376188,-0.252106,0.245531,0.493176
1747398190376199,-0.265859,0.2592,0.512522
1747398190376298,-0.26068,0.256699,0.505659
1747398190376301,-0.248652,0.249193,0.489042
1747398190376307,-0.256927,0.256316,0.501096
1747398190376599,-0.244718,0.248538,0.484089
1747398190376685,-0.27917,0.272459,0.532597
1747398190377740,-0.394107,0.337488,0.674623
1747398190378161,-0.404193,0.349207,0.690036
1747398190381046,-0.354069,0.313257,0.618952
1747398190381556,-0.34338,0.305823,0.604288
1747398190381742,-0.253998,0.259055,0.504556
1747398190382033,-0.247217,0.254046,0.494818
1747398190383027,-0.24905,0.25659,0.497895
1747398190383092,-0.240695,0.249228,0.485451
1747398190383511,-0.242435,0.251679,0.488382
1747398190383703,-0.255621,0.256777,0.503925
1747398190383815,-0.25065,0.25434,0.49727
1747398190384065,-0.244012,0.249477,0.48778
1747398190384242,-0.24227,0.247047,0.484866
1747398190384452,-0.248816,0.251818,0.494211
1747398190384486,-0.237624,0.244796,0.478646
1747398190384559,-0.425596,0.375142,0.727229
1747398190384692,-0.417516,0.365964,0.714799
1747398190384702,-0.461442,0.402704,0.777684
1747398190384833,-0.239132,0.247023,0.481176
1747398190384848,-0.427539,0.37134,0.72802
1747398190385283,-0.443099,0.382379,0.749633
1747398190385394,-0.444737,0.390632,0.754397
1747398190385522,-0.380916,0.341459,0.664501
1747398190385606,-0.459645,0.394119,0.772619
1747398190385628,-0.235968,0.242453,0.475868
1747398190385671,-0.237624,0.244796,0.478646
1747398190385756,-0.441093,0.386291,0.748814
1747398190385869,-0.412876,0.360939,0.707657
1747398190385903,-0.437005,0.38162,0.742545
1747398190385916,-0.432483,0.376631,0.735607
1747398190385958,-0.42176,0.370702,0.721329
1747398190386092,-0.417516,0.365964,0.714799
1747398190386116,-0.429015,0.379271,0.732483
1747398190386349,-0.425596,0.375142,0.727229
1747398190386429,-0.397171,0.354695,0.687643
1747398190386525,-0.453195,0.393215,0.765078
1747398190419633,-0.281107,0.258492,0.518945
1747398190419969,-0.280759,0.263034,0.519987
1747398190419984,-0.287072,0.266257,0.528366
1747398190420349,-0.288663,0.268551,0.530875
1747398190420370,-0.285279,0.263812,0.525536
1747398190420506,-0.262997,0.248407,0.494903
1747398190420515,-0.293335,0.269382,0.536612
1747398190420543,-0.295227,0.271923,0.539589
1747398190420744,-0.266373,0.248408,0.498739
1747398190420748,-0.283289,0.261222,0.522394
1747398190420863,-0.281107,0.258492,0.518945
1747398190421065,-0.303836,0.282884,0.554911
1747398190421067,-0.259429,0.243656,0.489217
1747398190421102,-0.287035,0.271,0.531637
1747398190421280,-0.283648,0.266219,0.526261
1747398190421399,-0.295414,0.271905,0.541611
1747398190421467,-0.285442,0.268685,0.52911
1747398190421536,-0.291681,0.271847,0.537367
1747398190421566,-0.262966,0.252862,0.498003
1747398190421644,-0.279154,0.265425,0.520719
1747398190421657,-0.281658,0.263605,0.523098
1747398190421693,-0.306471,0.280905,0.557366
1747398190422448,-0.285337,0.270671,0.528937
1747398190422468,-0.281537,0.265555,0.522901
1747398190422849,-0.286939,0.273002,0.531477
1747398190422982,-0.279062,0.267388,0.520567
1747398190423030,-0.283535,0.268187,0.526076
1747398190423112,-0.277544,0.265142,0.518151
1747398190423642,-0.279348,0.262781,0.51942
1747398190423658,-0.275835,0.262751,0.515431
1747398190423795,-0.291562,0.273854,0.537172
1747398190423800,-0.295154,0.278857,0.542856
1747398190423819,-0.281537,0.265555,0.522901
1747398190423877,-0.27394,0.260218,0.51241
1747398190424263,-0.304179,0.29491,0.569822
1747398190424284,-0.306882,0.29829,0.574205
1747398190424336,-0.309352,0.301489,0.578207
1747398190424602,-0.328705,0.315873,0.60575
1747398190424622,-0.289485,0.285424,0.549478
1747398190424720,-0.313327,0.301643,0.582808
1747398190424877,-0.316187,0.305172,0.587431
1747398190424881,-0.300325,0.294781,0.565362
1747398190424996,-0.336163,0.319949,0.61583
1747398190425715,-0.304179,0.29491,0.569822
1747398190425723,-0.306882,0.29829,0.574205
1747398190425750,-0.29799,0.291714,0.561567
1747398190428862,-0.283952,0.271102,0.53181
1747398190428963,-0.280369,0.271046,0.527709
1747398190429091,-0.274413,0.267953,0.519744
1747398190429153,-0.286253,0.274022,0.535504
1747398190429165,-0.276198,0.265578,0.520994
1747398190429314,-0.261604,0.255183,0.500638
1747398190429319,-0.234955,0.240466,0.464778
1747398190429337,-0.261187,0.259518,0.501531
1747398190429399,-0.266973,0.262574,0.509329
1747398190429749,-0.270823,0.262975,0.513953
1747398190429812,-0.268407,0.264762,0.511648
1747398190429961,-0.275925,0.270222,0.522181
1747398190430013,-0.272711,0.265536,0.516999
1747398190430232,-0.282165,0.273557,0.530595
1747398190430252,-0.278379,0.268384,0.524506
1747398190430296,-0.274413,0.267953,0.519744
1747398190430441,-0.268755,0.260276,0.510612
1747398190430540,-0.28376,0.275913,0.533159
1747398190430707,-0.276198,0.265578,0.520994
1747398190449491,-0.228262,0.224064,0.44645
1747398190449623,-0.220926,0.222008,0.437316
1747398190449668,-0.215551,0.218245,0.42992
1747398190449696,-0.235566,0.230171,0.456837
1747398190449770,-0.21863,0.218431,0.433584
1747398190449803,-0.222689,0.22022,0.438808
1747398190449936,-0.248951,0.258452,0.497723
1747398190450213,-0.250628,0.260883,0.500536
1747398190450229,-0.243933,0.25585,0.490897
1747398190450273,-0.216469,0.219842,0.431415
1747398190450316,-0.270429,0.274519,0.528607
1747398190450352,-0.242341,0.253507,0.488218
1747398190450385,-0.224081,0.222209,0.441067
1747398190450489,-0.221889,0.223654,0.43888
1747398190450523,-0.247903,0.238723,0.473775
1747398190450570,-0.217303,0.216505,0.431423
1747398190450653,-0.257592,0.266118,0.510562
1747398190450700,-0.255825,0.263594,0.507607
1747398190450701,-0.219839,0.220266,0.435549
1747398190450776,-0.21863,0.218431,0.433584
1747398190450813,-0.225348,0.224104,0.443123
1747398190450902,-0.235978,0.248748,0.47907
1747398190451102,-0.215551,0.218245,0.42992
1747398190451286,-0.25159,0.248443,0.487493
1747398190451312,-0.229051,0.2344,0.456529
1747398190451450,-0.232672,0.234934,0.461038
1747398190451511,-0.243933,0.25585,0.490897
1747398190451538,-0.241216,0.243169,0.473574
1747398190451568,-0.264841,0.271568,0.520999
1747398190451680,-0.223291,0.230248,0.448459
1747398190453251,-0.135897,0.149838,0.320101
1747398190453513,-0.138863,0.151752,0.324178
1747398190453576,-0.136369,0.150844,0.320919
1747398190453860,-0.141339,0.152623,0.327384
1747398190453999,-0.145024,0.15573,0.332649
1747398190454047,-0.133459,0.148956,0.316915
1747398190454401,-0.22077,0.232234,0.447223
1747398190454453,-0.215279,0.228212,0.439493
1747398190454643,-0.235689,0.241006,0.467559
1747398190454743,-0.135375,0.148793,0.319194
1747398190454845,-0.226456,0.2364,0.455229
1747398190454854,-0.141904,0.153715,0.328359
1747398190454964,-0.135897,0.149838,0.320101
1747398190455139,-0.222493,0.230374,0.448652
1747398190455237,-0.241891,0.245505,0.47627
1747398190455447,-0.214198,0.226427,0.437691
1747398190455481,-0.219635,0.230391,0.445337
1747398190455693,-0.223943,0.232485,0.451061
1747398190455694,-0.216994,0.226405,0.440938
1747398190455701,-0.22077,0.232234,0.447223
1747398190455721,-0.218376,0.228446,0.44324
1747398190455802,-0.225266,0.234495,0.453255
1747398190455942,-0.215279,0.228212,0.439493
1747398190456861,-0.218558,0.218916,0.436296
1747398190456933,-0.209955,0.214824,0.424884
1747398190457131,-0.219378,0.232553,0.447872
1747398190457148,-0.221418,0.218871,0.439589
1747398190457336,-0.218249,0.230707,0.445983
1747398190457336,-0.212103,0.213452,0.427075
1747398190457351,-0.213246,0.215222,0.428951
1747398190457403,-0.209088,0.213281,0.42346
1747398190457461,-0.225048,0.23673,0.455901
1747398190457572,-0.21736,0.217089,0.434335
1747398190457695,-0.210847,0.211596,0.42501
1747398190457873,-0.220588,0.222287,0.439614
1747398190457960,-0.226979,0.222699,0.447259
1747398190457979,-0.23426,0.241355,0.468273
1747398190458011,-0.216996,0.228759,0.443882
1747398190458028,-0.267682,0.265742,0.515493
1747398190458053,-0.228298,0.237006,0.45985
1747398190458053,-0.23426,0.22878,0.457673
1747398190458114,-0.216044,0.215172,0.432177
1747398190458156,-0.221103,0.230694,0.449311
1747398190458342,-0.214272,0.216903,0.430635
1747398190458399,-0.219378,0.232553,0.447872
1747398190458429,-0.218249,0.230707,0.445983
1747398190458479,-0.21562,0.226714,0.441575
1747398190458626,-0.212103,0.213452,0.427075
1747398190458641,-0.213246,0.215222,0.428951
1747398190458683,-0.209088,0.213281,0.42346
1747398190458694,-0.218558,0.218916,0.436296
1747398190458784,-0.222547,0.23281,0.451725
1747398190458821,-0.223863,0.234823,0.453924
1747398190458946,-0.237022,0.245552,0.472856
1747398190467291,-0.202464,0.220781,0.423631
1747398190467515,-0.197568,0.217164,0.416706
1747398190467818,-0.196527,0.215439,0.414939
1747398190467873,-0.205126,0.220756,0.426744
1747398190467922,-0.200175,0.217135,0.419758
1747398190468112,-0.206382,0.222683,0.428862
1747398190468242,-0.201373,0.219001,0.421786
1747398190468809,-0.197568,0.217164,0.416706
1747398190473590,-0.188501,0.195114,0.391947
1747398190473933,-0.186811,0.196604,0.390389
1747398190473944,-0.185154,0.193713,0.387637
1747398190474034,-0.148503,0.169246,0.337489
1747398190474202,-0.182518,0.193621,0.38448
1747398190474440,-0.181768,0.192248,0.383232
1747398190474461,-0.219909,0.218619,0.43567
1747398190474637,-0.180933,0.190809,0.38184
1747398190474692,-0.191962,0.201054,0.397678
1747398190474840,-0.184193,0.192165,0.386039
1747398190474968,-0.178987,0.191997,0.379805
1747398190475049,-0.183181,0.194925,0.385582
1747398190475173,-0.186027,0.195193,0.389088
1747398190475201,-0.185154,0.193713,0.387637
1747398190475288,-0.18363,0.201659,0.392886
1747398190475355,-0.195615,0.208475,0.409217
1747398190475457,-0.188999,0.201912,0.399393
1747398190475537,-0.187322,0.203444,0.397854
1747398190475622,-0.190041,0.203579,0.401151
1747398190475679,-0.17985,0.199955,0.385124
1747398190475730,-0.175719,0.196963,0.379375
1747398190475989,-0.182941,0.2003,0.391722
1747398190476200,-0.185601,0.200424,0.394948
1747398190476233,-0.186508,0.201971,0.39648
1747398190476319,-0.184107,0.203039,0.39105
1747398190476370,-0.183317,0.201592,0.389721
1747398190476632,-0.188999,0.201912,0.399393
1747398190476774,-0.193878,0.215987,0.41606
1747398190476790,-0.189217,0.21252,0.409396
1747398190476797,-0.190201,0.214199,0.411094
1747398190477283,-0.185179,0.203725,0.396899
1747398190477297,-0.184274,0.202167,0.395359
1747398190477413,-0.189644,0.206956,0.40318
1747398190477436,-0.203928,0.217292,0.42327
1747398190477499,-0.187656,0.203673,0.399806
1747398190477576,-0.204907,0.218959,0.424912
1747398190477810,-0.188697,0.205352,0.401573
1747398190477830,-0.192172,0.206908,0.406142
1747398190477958,-0.194253,0.210291,0.409662
1747398190478028,-0.193262,0.208639,0.407986
1747398190486175,-0.174659,0.191395,0.380162
1747398190486227,-0.171252,0.189807,0.375573
1747398190486263,-0.178046,0.192932,0.384685
1747398190486300,-0.173953,0.190054,0.37896
1747398190486569,-0.177224,0.191487,0.383287
1747398190486876,-0.176318,0.189976,0.381745
1747398190486883,-0.175282,0.192669,0.381221
1747398190486941,-0.180459,0.192858,0.387523
1747398190486991,-0.183036,0.197314,0.391891
1747398190487491,-0.171252,0.189807,0.375573
1747398190487563,-0.165213,0.18879,0.366426
1747398190487640,-0.161501,0.186112,0.361241
1747398190487663,-0.178046,0.192932,0.384685
1747398190487682,-0.170656,0.188566,0.374556
1747398190487734,-0.165947,0.190153,0.367687
1747398190487736,-0.173953,0.190054,0.37896
1747398190487744,-0.174659,0.191395,0.380162
1747398190487749,-0.177224,0.191487,0.383287
1747398190487756,-0.173765,0.195821,0.37862
1747398190487812,-0.166608,0.191455,0.368819
1747398190487857,-0.176318,0.189976,0.381745
1747398190487999,-0.173166,0.188647,0.377617
1747398190488159,-0.162838,0.188708,0.363541
1747398190488303,-0.162205,0.18744,0.362453
1747398190488337,-0.169032,0.191546,0.371762
1747398190488749,-0.168189,0.190083,0.370318
1747398190488775,-0.159174,0.186039,0.358411
1747398190488792,-0.165213,0.18879,0.366426
1747398190489181,0.0371741,0.0423309,0.0831502
1747398190489224,-0.1834,0.209418,0.403466
1747398190489384,-0.175666,0.204532,0.392613
1747398190489594,-0.184335,0.211049,0.405095
1747398190489601,-0.174812,0.202992,0.391115
1747398190489730,-0.179039,0.206155,0.397195
1747398190490133,-0.178057,0.204496,0.395477
1747398190490161,-0.179933,0.20774,0.398757
1747398190490556,-0.171528,0.201421,0.386655
1747398190498489,-0.162849,0.187818,0.367393
1747398190498512,-0.156836,0.185072,0.359317
1747398190498594,-0.156239,0.183839,0.358275
1747398190498617,-0.191958,0.2089,0.408529
1747398190498738,-0.15916,0.185146,0.362179
1747398190498856,-0.163572,0.189177,0.368651
1747398190498877,-0.157363,0.186245,0.360237
1747398190498973,-0.153802,0.183629,0.355189
1747398190499300,-0.179585,0.200832,0.391308
1747398190499324,-0.159854,0.18647,0.363389
1747398190499559,-0.166645,0.190567,0.372757
1747398190499611,-0.162053,0.186398,0.366006
1747398190499845,-0.156239,0.183839,0.358275
1747398190499876,-0.156836,0.185072,0.359317
1747398190500021,-0.15916,0.185146,0.362179
1747398190500323,-0.155575,0.182549,0.357111
1747398190500328,-0.153802,0.183629,0.355189
1747398190500449,-0.158397,0.183764,0.360846
1747398190501173,-0.154916,0.176805,0.349817
1747398190501237,-0.159153,0.180597,0.35594
1747398190501339,-0.155628,0.178105,0.351042
1747398190501419,-0.150459,0.176731,0.344404
1747398190501630,-0.152817,0.176898,0.347346
1747398190503245,-0.111813,0.15601,0.3043
1747398190503249,-0.0980954,0.146342,0.284423
1747398190503293,-0.0975117,0.144662,0.283298
1747398190503314,-0.111004,0.154049,0.302768
1747398190503584,-0.093275,0.141499,0.277124
1747398190503745,-0.0950412,0.142194,0.279538
1747398190503762,-0.0917496,0.14156,0.275159
1747398190503869,-0.0935621,0.142324,0.277683
1747398190504018,-0.0956676,0.143903,0.280754
1747398190504111,-0.0971709,0.143776,0.282638
1747398190504268,-0.156884,0.178272,0.35693
1747398190504427,-0.160815,0.192793,0.372927
1747398190504465,-0.154579,0.178225,0.354095
1747398190504551,-0.15711,0.190019,0.367574
1747398190504640,-0.155079,0.179352,0.354964
1747398190504748,-0.154013,0.177042,0.353108
1747398190504774,-0.165483,0.197172,0.379958
1747398190504795,-0.09782,0.145517,0.283893
1747398190504796,-0.158656,0.181906,0.360006
1747398190504832,-0.157544,0.17954,0.358077
1747398190504894,-0.0897249,0.140034,0.272203
1747398190504953,-0.157895,0.191461,0.368978
1747398190504960,-0.1516,0.176867,0.35006
1747398190505015,-0.0953701,0.143063,0.280177
1747398190505029,-0.0935621,0.142324,0.277683
1747398190505112,-0.159729,0.179451,0.360678
1747398190505151,-0.161634,0.194275,0.374388
1747398190505495,-0.164194,0.183417,0.367204
1747398190505674,-0.156884,0.178272,0.35693
1747398190505706,-0.158135,0.180752,0.359103
1747398190505769,-0.154945,0.190071,0.364947
1747398190505820,-0.154579,0.178225,0.354095
1747398190505903,-0.156157,0.176949,0.355664
1747398190505952,-0.160815,0.192793,0.372927
1747398190506026,-0.154013,0.177042,0.353108
1747398190506096,-0.15711,0.190019,0.367574
1747398190513926,-0.0897319,0.125074,0.259845
1747398190514204,-0.0916671,0.126378,0.262544
1747398190514208,-0.105244,0.133103,0.280977
1747398190514249,-0.0910131,0.124269,0.26133
1747398190514526,-0.103371,0.132476,0.278523
1747398190514646,-0.100877,0.130218,0.274909
1747398190515018,-0.0952228,0.127641,0.267307
1747398190515100,-0.0893369,0.123713,0.259111
1747398190515166,-0.117835,0.14273,0.29879
1747398190515256,-0.0914765,0.125698,0.262192
1747398190515296,-0.0878361,0.123796,0.257201
1747398190515307,-0.0926845,0.124805,0.263523
1747398190515360,-0.0912585,0.124995,0.261787
1747398190515890,-0.087658,0.123137,0.25687
1747398190516768,-0.149002,0.180429,0.351672
1747398190516895,-0.139865,0.174491,0.338851
1747398190516977,-0.137777,0.174448,0.336244
1747398190516984,-0.143055,0.176846,0.343413
1747398190516986,-0.154411,0.186849,0.360083
1747398190517061,-0.143638,0.178053,0.344457
1747398190517334,-0.140926,0.176795,0.340757
1747398190517428,-0.146332,0.179266,0.348099
1747398190517701,-0.140425,0.175668,0.339857
1747398190517820,-0.142413,0.175589,0.342262
1747398190518291,-0.132515,0.167018,0.323112
1747398190518345,-0.134627,0.167137,0.325781
1747398190518591,-0.137632,0.169312,0.330009
1747398190518680,-0.132132,0.16604,0.322432
1747398190518739,-0.141203,0.172637,0.335208
1747398190518803,-0.14017,0.170403,0.333385
1747398190519057,-0.137108,0.168197,0.329081
1747398190519089,-0.135078,0.168183,0.326582
1747398190519189,-0.136531,0.167037,0.328057
1747398190519279,-0.144838,0.176021,0.340482
1747398190519505,-0.139569,0.169215,0.332323
1747398190519750,-0.129628,0.164908,0.319042
1747398190519824,-0.149175,0.176099,0.345806
1747398190519827,-0.134627,0.167137,0.325781
1747398190521141,-0.0748545,0.131374,0.253538
1747398190521238,-0.0799599,0.134734,0.260974
1747398190521408,-0.0850485,0.13744,0.268206
1747398190534753,-0.135863,0.17072,0.33155
1747398190534777,-0.119272,0.159177,0.308035
1747398190534818,-0.121932,0.161143,0.311828
1747398190534989,-0.121596,0.160223,0.311217
1747398190535134,-0.125709,0.161132,0.316544
1747398190535554,-0.126676,0.163262,0.318299
1747398190535591,-0.13192,0.166374,0.325577
1747398190535610,-0.128505,0.163159,0.320516
1747398190535641,-0.123912,0.161237,0.314363
1747398190535714,-0.126216,0.162217,0.317465
1747398190535901,-0.123469,0.160215,0.313558
1747398190536089,-0.124308,0.162218,0.315083
1747398190536271,-0.119272,0.159177,0.308035
1747398190536349,-0.121596,0.160223,0.311217
1747398190536475,-0.125709,0.161132,0.316544
1747398190536853,-0.121954,0.152437,0.304085
1747398190536879,-0.124595,0.154281,0.307752
1747398190536921,-0.122415,0.153441,0.304906
1747398190536933,-0.133449,0.161182,0.320242
1747398190537226,-0.118016,0.151663,0.299086
1747398190537417,-0.118321,0.152521,0.29963
1747398190537635,-0.123534,0.15623,0.306895
1747398190537635,-0.135825,0.162119,0.32334
1747398190537740,-0.127797,0.157217,0.312387
1747398190537839,-0.119818,0.151619,0.301297
1747398190537886,-0.11767,0.150769,0.298466
1747398190537942,-0.12022,0.152567,0.302015
1747398190538024,-0.121954,0.152437,0.304085
1747398190538050,-0.115806,0.150731,0.296124
1747398190538103,-0.115512,0.149889,0.295598
1747398190538456,-0.12058,0.153479,0.302656
1747398190543203,-0.158279,0.16702,0.350833
1747398190543282,-0.130125,0.148545,0.312135
1747398190543453,-0.112507,0.137605,0.288051
1747398190543605,-0.129637,0.147535,0.311282
1747398190543947,-0.115842,0.14684,0.294091
1747398190544117,-0.116845,0.149456,0.295876
1747398190544118,-0.139733,0.156272,0.325673
1747398190544235,-0.11833,0.148562,0.29753
1747398190544248,-0.127374,0.14674,0.308353
1747398190544281,-0.125097,0.145912,0.305379
1747398190544306,-0.123118,0.145901,0.302904
1747398190544329,-0.116551,0.148618,0.295354
1747398190544467,-0.111967,0.146031,0.289116
1747398190544471,-0.120518,0.144169,0.299321
1747398190544472,-0.0716293,0.113144,0.233239
1747398190544487,-0.14012,0.157226,0.32634
1747398190544502,-0.0760514,0.119795,0.239168
1747398190544504,-0.135834,0.152292,0.319983
1747398190544529,-0.121279,0.151268,0.301763
1747398190544534,-0.117902,0.147604,0.296766
1747398190544658,-0.10961,0.144376,0.28585
1747398190544661,-0.0699636,0.111538,0.230863
1747398190544661,-0.0713481,0.111979,0.232703
1747398190544743,-0.125461,0.146811,0.306017
1747398190544758,-0.144174,0.167194,0.333436
1747398190544803,-0.120432,0.149347,0.300259
1747398190544838,-0.0757198,0.11388,0.238553
1747398190544840,-0.111693,0.145223,0.288627
1747398190544873,-0.124275,0.154017,0.30605
1747398190544881,-0.128176,0.148611,0.309757
1747398190544972,-0.0714982,0.11257,0.23299
1747398190545004,-0.116216,0.147746,0.294758
1747398190545229,-0.0881131,0.122647,0.255809
1747398190545257,-0.0700907,0.112104,0.231106
1747398190545508,-0.115842,0.14684,0.294091
1747398190545588,-0.0727322,0.112405,0.234527
1747398190545659,-0.113772,0.146045,0.291376
1747398190545691,-0.0743142,0.113459,0.236717
1747398190545699,-0.0792415,0.11674,0.243535
1747398190545724,-0.0685799,0.111084,0.22901
1747398190545904,-0.117902,0.147604,0.296766
1747398190546226,-0.0713481,0.111979,0.232703
1747398190546304,-0.0729065,0.113022,0.234861
1747398190546330,-0.0699636,0.111538,0.230863
1747398190546385,-0.0790221,0.116068,0.243119
1747398190546575,-0.112337,0.149114,0.292979
1747398190546899,-0.126182,0.152796,0.308396
1747398190546973,-0.116258,0.149975,0.298065
1747398190547162,-0.112056,0.148286,0.292471
1747398190547193,-0.113791,0.148234,0.294615
1747398190547225,-0.116987,0.1518,0.299379
1747398190547406,-0.117929,0.146467,0.296819
1747398190547460,-0.115834,0.149011,0.297297
1747398190547550,-0.118344,0.150774,0.300803
1747398190547614,-0.109946,0.147402,0.289626
1747398190547652,-0.111985,0.144915,0.289152
1747398190547776,-0.118356,0.14742,0.297579
1747398190547805,-0.115867,0.14571,0.294139
1747398190548462,-0.11524,0.151773,0.300546
1747398190548486,-0.120461,0.148197,0.300314
1747398190548518,-0.112753,0.149987,0.297019
1747398190548526,-0.114943,0.150917,0.300006
1747398190548598,-0.117127,0.151821,0.30296
1747398190548625,-0.0888534,0.121266,0.25821
1747398190548748,-0.0769209,0.114481,0.241828
1747398190548755,-0.0722379,0.111875,0.235384
1747398190548840,-0.119303,0.152693,0.305877
1747398190548847,-0.0738242,0.112931,0.237596
1747398190549358,-0.0750967,0.112763,0.239191
1747398190549581,-0.0967146,0.126418,0.269137
1747398190549720,-0.0754405,0.114006,0.239849
1747398190550110,-0.0752789,0.113394,0.23954
1747398190550368,-0.0765237,0.113184,0.241067
1747398190550457,-0.0816026,0.116514,0.248129
1747398190551803,-0.110726,0.147555,0.292171
1747398190551819,-0.115232,0.15011,0.298357
1747398190551852,-0.108941,0.147529,0.289899
1747398190551961,-0.122492,0.15457,0.308378
1747398190551992,-0.123228,0.16237,0.315403
1747398190552042,-0.10823,0.1519,0.294016
1747398190552236,-0.106612,0.145853,0.286616
1747398190552252,-0.11035,0.152839,0.29694
1747398190552285,-0.113471,0.150156,0.29617
1747398190552346,-0.11731,0.150911,0.301101
1747398190552443,-0.108671,0.146716,0.289408
1747398190552538,-0.11481,0.149146,0.297588
1747398190552677,-0.114966,0.155592,0.303412
1747398190553058,-0.112773,0.148366,0.2949
1747398190553155,-0.112804,0.154655,0.300458
1747398190553179,-0.107953,0.151064,0.293502
1747398190553185,-0.114141,0.153635,0.301883
1747398190553453,-0.105877,0.150151,0.29064
1747398190553555,-0.115317,0.156515,0.30406
1747398190553643,-0.110025,0.151951,0.296334
1747398190553724,-0.116669,0.155479,0.305496
1747398190553831,-0.112088,0.152809,0.29913
1747398190554063,-0.107916,0.148775,0.290135
1747398190554111,-0.112097,0.150547,0.295811
1747398190554393,-0.111733,0.142998,0.288706
1747398190554405,-0.111426,0.142165,0.288155
1747398190554452,-0.117957,0.145328,0.296872
1747398190554479,-0.118766,0.147193,0.298313
1747398190554569,-0.110009,0.149674,0.292988
1747398190554580,-0.105597,0.147084,0.286846
1747398190554718,-0.113757,0.150421,0.297826
1747398190554797,-0.11173,0.14963,0.295136
1747398190554828,-0.116247,0.152203,0.301344
1747398190555048,-0.107647,0.147959,0.28964
1747398190555145,-0.109385,0.141382,0.285454
1747398190555187,-0.10734,0.140575,0.282725
1747398190555331,-0.115483,0.14365,0.293455
1747398190555403,-0.109338,0.147909,0.291753
1747398190555609,-0.109692,0.148808,0.292405
1747398190555796,-0.107341,0.147109,0.289077
1747398190555960,-0.113459,0.142922,0.290824
1747398190556062,-0.111426,0.142165,0.288155
1747398190556288,-0.109385,0.141382,0.285454
1747398190557433,0.0541816,-0.0351021,0.0783531
1747398190557529,-0.107265,0.150411,0.292214
1747398190557634,-0.108059,0.142881,0.285105
1747398190557826,-0.110041,0.143636,0.287719
1747398190558241,-0.107618,0.151319,0.292873
1747398190558623,-0.103302,0.14874,0.286822
1747398190558646,-0.110386,0.144509,0.288344
1747398190558709,-0.105287,0.149589,0.289534
1747398190558763,-0.104079,0.141294,0.279789
1747398190558798,-0.106324,0.142879,0.282918
1747398190558879,-0.106071,0.142099,0.282461
1747398190558956,-0.108059,0.142881,0.285105
1747398190559024,-0.105784,0.141288,0.281939
1747398190559031,-0.110003,0.15309,0.296289
1747398190559178,-0.103836,0.140527,0.279346
1747398190559290,-0.107726,0.142025,0.284501
1747398190559333,-0.105592,0.150447,0.290104
1747398190559349,-0.109659,0.142733,0.287027
1747398190559409,-0.101884,0.139743,0.276729
1747398190559439,-0.110041,0.143636,0.287719
1747398190559482,-0.104947,0.148698,0.288897
1747398190562194,-0.112097,0.140073,0.287308
1747398190562448,-0.111715,0.139183,0.286625
1747398190562482,-0.108086,0.138595,0.282048
1747398190562572,-0.1078,0.137795,0.281535
1747398190562758,-0.106074,0.13782,0.279377
1747398190562835,-0.10386,0.136309,0.276325
1747398190562865,-0.105831,0.137063,0.278943
1747398190563179,-0.110095,0.139346,0.284694
1747398190563282,-0.105705,0.144459,0.284945
1747398190563286,-0.0999167,0.142115,0.277163
1747398190563338,-0.105338,0.143564,0.284269
1747398190563446,-0.108,0.146101,0.288173
1747398190563460,-0.109762,0.138503,0.284098
1747398190563471,-0.0977868,0.14057,0.274159
1747398190563553,-0.104067,0.144521,0.282908
1747398190563563,-0.0913341,0.127217,0.258972
1747398190563687,-0.10762,0.145188,0.287474
1747398190563751,-0.101574,0.142116,0.279274
1747398190563916,-0.111715,0.139183,0.286625
1747398190563955,-0.1078,0.137795,0.281535
1747398190564005,-0.102094,0.143694,0.280233
1747398190564079,-0.10346,0.142854,0.281789
1747398190564236,-0.10185,0.14292,0.279784
1747398190564270,-0.0996818,0.141354,0.276729
1747398190564466,-0.0850249,0.129103,0.255726
1747398190564595,-0.0968095,0.141743,0.274371
1747398190564628,-0.0957025,0.139058,0.27122
1747398190564695,-0.0986957,0.142538,0.276943
1747398190564873,-0.102104,0.143176,0.281348
1747398190564913,-0.104692,0.145679,0.285167
1747398190565200,-0.10084,0.136742,0.271781
1747398190565405,-0.102457,0.144058,0.282006
1747398190565471,-0.101098,0.144896,0.280454
1747398190565501,-0.100579,0.143311,0.279489
1747398190565586,-0.101135,0.137541,0.272315
1747398190565741,-0.102639,0.137385,0.274107
1747398190565952,-0.0990334,0.136075,0.269424
1747398190565967,-0.0986957,0.142538,0.276943
1747398190566408,-0.10481,0.138885,0.277088
1747398190566544,-0.109296,0.141982,0.283248
1747398190567035,-0.096669,0.137899,0.271012
1747398190567568,-0.0987623,0.139397,0.273947
1747398190567718,-0.0985352,0.138653,0.273529
1747398190567739,-0.100666,0.140171,0.276515
1747398190567834,-0.104107,0.140777,0.280919
1747398190567973,-0.106349,0.142351,0.28405
1747398190567974,-0.102257,0.140094,0.278487
1747398190567979,-0.102567,0.140923,0.279058
1747398190568174,-0.100399,0.139385,0.276023
1747398190568310,-0.092782,0.128099,0.260738
1747398190568313,-0.106716,0.143241,0.284723
1747398190568420,-0.105535,0.137351,0.278406
1747398190568625,-0.109369,0.138719,0.28339
1747398190568748,-0.0978018,0.139511,0.274191
1747398190568845,-0.103339,0.135855,0.275385
1747398190568923,-0.107099,0.137187,0.280273
1747398190569006,-0.0996988,0.140287,0.276764
1747398190569574,-0.105362,0.142473,0.284316
1747398190570014,-0.0998913,0.136856,0.272027
1747398190570017,-0.0980911,0.136186,0.269665
1747398190570224,-0.107099,0.137187,0.280273
1747398190570280,-0.106104,0.138383,0.280489
1747398190570512,-0.106372,0.14126,0.284097
1747398190570543,-0.10202,0.138341,0.274969
1747398190570569,-0.094479,0.134783,0.264866
1747398190570681,-0.102833,0.140695,0.276445
1747398190570818,-0.0985517,0.137597,0.273564
1747398190570880,-0.0987774,0.138339,0.273979
1747398190571294,-0.103892,0.13687,0.277434
1747398190571345,-0.0989098,0.143276,0.280547
1747398190571500,-0.0996197,0.142353,0.279782
1747398190571704,-0.105831,0.137063,0.278943
1747398190571733,-0.101693,0.134831,0.273338
1747398190571891,-0.107123,0.13611,0.280318
1747398190571990,-0.109393,0.13763,0.283437
1747398190572158,-0.107478,0.136967,0.280958
1747398190572197,-0.105244,0.135464,0.277887
1747398190572269,-0.105555,0.136278,0.278446
1747398190572282,-0.0995728,0.133384,0.270415
1747398190572403,-0.103625,0.135565,0.275904
1747398190572671,-0.104969,0.147589,0.288942
1747398190572766,-0.101467,0.134099,0.272931
1747398190572803,-0.100485,0.144301,0.282525
1747398190572908,-0.0986209,0.143549,0.279997
1747398190573085,-0.103358,0.134793,0.275423
1747398190573300,-0.0948788,0.141972,0.274857
1747398190573364,-0.0967512,0.142772,0.277439
1747398190573400,-0.102702,0.145927,0.285697
1747398190573465,-0.136793,0.170919,0.334474
1747398190573996,-0.102341,0.145025,0.285017
1747398190574212,-0.0989347,0.142795,0.278485
1747398190574738,-0.0964336,0.138211,0.270573
1747398190574748,-0.0926001,0.136022,0.265296
1747398190574886,-0.0943925,0.136746,0.267714
1747398190574940,-0.0997472,0.138785,0.274815
1747398190575135,-0.0984849,0.145629,0.282998
1747398190575160,-0.100326,0.146366,0.285498
1747398190575165,-0.0969053,0.145678,0.280979
1747398190576262,-0.0954977,0.143161,0.277152
1747398190576824,-0.097317,0.143903,0.279632
1747398190576992,-0.0997902,0.146366,0.283338
1747398190577031,-0.0991287,0.144619,0.282078
1747398190577139,-0.0921104,0.137632,0.264374
1747398190577187,-0.101323,0.146243,0.285234
1747398190577216,-0.0918445,0.13686,0.263877
1747398190577280,-0.0882543,0.134813,0.258976
1747398190577521,-0.0901625,0.136208,0.261648
1747398190577804,-0.0899054,0.135449,0.261165
1747398190578791,-0.102149,0.141015,0.281439
1747398190578834,-0.0934035,0.142665,0.274122
1747398190578876,-0.102815,0.142736,0.282681
1747398190579080,-0.0966156,0.138879,0.274017
1747398190579188,-0.0947629,0.13812,0.271489
1747398190579196,-0.104735,0.143487,0.285256
1747398190579822,-0.100311,0.140328,0.278997
1747398190579991,-0.104372,0.142595,0.284582
1747398190580129,-0.0968392,0.139624,0.274435
1747398190580258,-0.103059,0.133994,0.274881
1747398190580472,-0.0974972,0.131968,0.267554
1747398190580480,-0.120458,0.147633,0.299202
1747398190580495,-0.0984658,0.139615,0.276521
1747398190580511,-0.102499,0.14189,0.282092
1747398190580727,-0.0993541,0.132664,0.27002
1747398190580811,-0.104901,0.134624,0.277267
1747398190581032,-0.101209,0.13334,0.272464
1747398190581102,-0.107123,0.13611,0.280318
1747398190581114,-0.0914856,0.130903,0.259237
1747398190581309,-0.0912909,0.13022,0.258882
1747398190581373,-0.0895768,0.129569,0.256606
1747398190581790,-0.0965588,0.132074,0.267789
1747398190582243,-0.0986262,0.133492,0.270656
1747398190582821,-0.104586,0.136393,0.278702
1747398190582971,-0.102101,0.134106,0.275132
1747398190582974,-0.0984092,0.132772,0.270261
1747398190584148,-0.104924,0.133557,0.277311
1747398190584261,-0.109418,0.136541,0.283484
1747398190584279,-0.103377,0.133731,0.275461
1747398190584517,-0.107146,0.135033,0.280364
1747398190584607,-0.0964816,0.135077,0.270674
1747398190584695,-0.100436,0.137258,0.276098
1747398190584803,-0.0983128,0.135775,0.273126
1747398190584803,-0.0966981,0.135804,0.271073
1747398190585025,-0.0993704,0.131621,0.270054
1747398190585061,-0.103079,0.132936,0.274922
1747398190585137,-0.0975115,0.130933,0.267584
1747398190585211,-0.0603589,0.111686,0.221384
1747398190585217,-0.101227,0.13229,0.272501
1747398190585294,-0.104505,0.139484,0.281657
1747398190585505,-0.148642,0.164076,0.337745
1747398190585572,-0.0936902,0.135503,0.268403
1747398190585637,-0.0955151,0.136232,0.27088
1747398190585759,-0.105574,0.135205,0.278485
1747398190586724,-0.0916783,0.135102,0.265555
1747398190586746,-0.102949,0.135918,0.277734
1747398190586944,-0.0970331,0.137193,0.272761
1747398190587001,-0.0984744,0.132416,0.268414
1747398190587005,-0.0878483,0.134918,0.263215
1747398190587031,-0.0954993,0.137277,0.270846
1747398190587208,-0.0949944,0.131199,0.263888
1747398190587269,-0.0967375,0.131819,0.266165
1747398190587300,-0.0492403,0.0993455,0.200825
1747398190588309,-0.0960762,0.137305,0.273005
1747398190588446,-0.0963612,0.138105,0.273541
1747398190588811,-0.1009,0.133603,0.2719
1747398190588880,-0.0925219,0.135928,0.268214
1747398190590392,-0.0972859,0.13126,0.267171
1747398190590942,-0.0954648,0.130581,0.264752
1747398190590966,-0.0898547,0.139052,0.269243
1747398190591173,-0.0934378,0.140553,0.274195
1747398190591226,-0.0916472,0.139813,0.271731
1747398190591279,-0.0934746,0.129223,0.262009
1747398190591591,-0.0952239,0.14127,0.276632
1747398190591642,-0.0952606,0.129884,0.264381
1747398190591834,-0.0956497,0.144984,0.280715
1747398190591974,-0.0974918,0.14575,0.283255
1747398190592096,-0.0996806,0.147396,0.286444
1747398190592144,-0.0932563,0.142565,0.277084
1747398190592265,-0.11179,0.157178,0.304253
1747398190592277,-0.0604481,0.117381,0.229156
1747398190592301,-0.0938027,0.144192,0.278145
1747398190593000,-0.0958707,0.140303,0.275766
1747398190593304,-0.111104,0.140196,0.287582
1747398190593409,-0.0888338,0.137477,0.266181
1747398190593634,-0.123111,0.147639,0.304004
1747398190593799,-0.0945346,0.130685,0.264983
1747398190593821,-0.0937018,0.136064,0.269488
1747398190593869,-0.094119,0.139632,0.273412
1747398190593920,-0.104278,0.135579,0.278143
1747398190594036,-0.0887795,0.134814,0.262991
1747398190594084,-0.0905246,0.135524,0.265372
1747398190594477,-0.0801079,0.116655,0.243338
1747398190594615,-0.1015,0.131991,0.272999
1747398190594649,-0.0975258,0.129898,0.267614
1747398190594761,-0.0988288,0.136786,0.275151
1747398190594957,-0.101245,0.131238,0.272538
1747398190595250,-0.0991225,0.130878,0.269604
1747398190595560,-0.0975141,0.138663,0.276807
1747398190595701,-0.104946,0.132491,0.277356
1747398190596465,-0.102749,0.132113,0.274324
1747398190596781,-0.0915759,0.136035,0.268447
1747398190596873,-0.101121,0.135278,0.275342
1747398190597426,-0.0989991,0.133823,0.272391
1747398190597581,-0.0945916,0.130217,0.266123
1747398190598027,-0.0637204,0.112488,0.224672
1747398190598113,-0.0906625,0.132574,0.2626
1747398190598379,-0.0959397,0.134583,0.269665
1747398190598494,-0.101981,0.136032,0.277989
1747398190599374,-0.0895896,0.128576,0.256634
1747398190599509,-0.0947305,0.130448,0.263406
1747398190600041,-0.0967375,0.131819,0.266165
1747398190600265,-0.0877186,0.12728,0.254055
1747398190600355,-0.10062,0.1307,0.2714
1747398190600790,-0.104299,0.134508,0.278185
1747398190601375,-0.0991724,0.142454,0.282169
1747398190601496,-0.0991401,0.129838,0.26964
1747398190601633,-0.0995167,0.143334,0.282825
1747398190602273,-0.103982,0.132602,0.277611
1747398190602689,-0.116115,0.154288,0.306735
1747398190603263,-0.10432,0.133437,0.278226
1747398190604389,-0.0991401,0.129838,0.26964
1747398190604516,-0.100959,0.13046,0.272019
1747398190604587,-0.0975258,0.129898,0.267614
1747398190604738,-0.0921009,0.129946,0.261397
1747398190604945,-0.116978,0.141062,0.294046
1747398190606133,-0.10788,0.134359,0.284808
1747398190607488,-0.10277,0.131058,0.274367
1747398190607743,-0.0622924,0.116968,0.229197
1747398190607748,-0.0980457,0.133932,0.272636
1747398190608654,-0.105594,0.134131,0.278523
1747398190608890,-0.100959,0.13046,0.272019
1747398190609305,-0.0559102,0.116111,0.224165
1747398190609736,-0.0986815,0.133007,0.271806
1747398190610829,-0.102298,0.137951,0.278571
1747398190610869,-0.102003,0.134964,0.278033
1747398190611237,-0.102339,0.135806,0.278654
1747398190611270,-0.0865026,0.125525,0.256611
1747398190612332,-0.101263,0.130187,0.272575
1747398190612565,-0.104968,0.131424,0.2774
1747398190613299,-0.102792,0.130002,0.27441
1747398190613548,-0.0913341,0.127217,0.258972
1747398190613584,-0.100599,0.131744,0.271358
1747398190613610,-0.0950278,0.129162,0.263957
1747398190613685,-0.114166,0.137431,0.290035
1747398190613887,-0.091525,0.127893,0.259321
1747398190613998,-0.0973173,0.129195,0.267236
1747398190614425,-0.0988632,0.129072,0.269137
1747398190614956,-0.0990207,0.138515,0.278662
1747398190615419,-0.104991,0.130356,0.277444
1747398190615448,-0.0938186,0.143119,0.27818
1747398190615909,-0.0679196,0.119581,0.236104
1747398190616394,-0.101281,0.129135,0.272611
1747398190617036,-0.10101,0.136146,0.278243
1747398190617170,-0.0908331,0.136864,0.269071
1747398190617639,-0.0859688,0.123628,0.252686
1747398190617920,-0.0905976,0.128996,0.259515
1747398190618038,-0.102792,0.130002,0.27441
1747398190618549,-0.0962521,0.133282,0.270253
1747398190619638,-0.0925522,0.129324,0.262235
1747398190620032,-0.0967269,0.133708,0.271135
1747398190620259,-0.108845,0.135339,0.284497
1747398190620482,-0.110017,0.14293,0.289772
1747398190620851,-0.0991756,0.136563,0.275801
1747398190621160,-0.0576629,0.108909,0.217587
1747398190621463,-0.10434,0.132365,0.278268
1747398190621602,-0.0995063,0.135241,0.276423
1747398190622313,-0.0595171,0.113798,0.218741
1747398190622764,-0.0955506,0.139958,0.277265
1747398190623054,-0.0937205,0.139215,0.274745
1747398190623091,-0.0918884,0.13845,0.272201
1747398190623155,-0.084319,0.131384,0.253353
1747398190623466,-0.097062,0.129497,0.266768
1747398190623473,-0.0530493,0.109066,0.209682
1747398190623496,-0.119085,0.140644,0.29679
1747398190624098,-0.107238,0.130718,0.280545
1747398190624461,-0.0965422,0.138777,0.277055
1747398190624482,-0.0970269,0.140317,0.277972
1747398190624732,-0.0540128,0.115098,0.223926
1747398190625664,-0.0972226,0.137851,0.276257
1747398190625695,-0.0582182,0.116762,0.22626
1747398190625827,-0.104004,0.131534,0.277655
1747398190625941,-0.0540655,0.113157,0.220126
1747398190626104,-0.0522925,0.109467,0.216246
1747398190626109,-0.0943319,0.129987,0.264612
1747398190626282,-0.102161,0.130926,0.275253
1747398190626866,-0.104991,0.130356,0.277444
1747398190627440,-0.0995488,0.147295,0.289581
1747398190627590,-0.101181,0.132096,0.275463
1747398190627592,-0.0943181,0.135584,0.270659
1747398190627609,-0.0963787,0.137051,0.273577
1747398190627837,-0.0531645,0.11126,0.217235
1747398190627858,-0.0918632,0.14007,0.273255
1747398190627961,-0.0904298,0.140202,0.271465
1747398190628298,-0.105244,0.133103,0.280977
1747398190628393,-0.10252,0.140805,0.282135
1747398190628572,-0.0611465,0.117983,0.227711
1747398190628955,-0.0981966,0.129944,0.26988
1747398190628988,-0.0945935,0.134248,0.271184
1747398190629264,-0.0965871,0.130002,0.267849
1747398190629734,-0.103694,0.131303,0.276044
1747398190629861,-0.366585,0.317976,0.638281
1747398190629886,-0.0994187,0.128491,0.270153
1747398190630035,-0.088967,0.125512,0.255491
1747398190630266,-0.347313,0.300527,0.610401
1747398190630374,-0.0972337,0.131091,0.270085
1747398190630604,-0.381801,0.323898,0.657792
1747398190630879,-0.0526932,0.108919,0.214314
1747398190630922,-0.361326,0.311496,0.630176
1747398190631188,-0.10155,0.128827,0.273101
1747398190631233,-0.0536702,0.111792,0.218301
1747398190631276,-0.0906278,0.136143,0.26868
1747398190631361,-0.364112,0.314848,0.634471
1747398190631392,-0.10316,0.128697,0.275083
1747398190631421,-0.105013,0.129288,0.277488
1747398190631501,-0.0962336,0.139028,0.276465
1747398190631587,-0.0942693,0.140319,0.276918
1747398190631599,-0.0980233,0.139701,0.278871
1747398190631646,-0.053326,0.110154,0.217582
1747398190631807,-0.0936233,0.135403,0.271389
1747398190631823,-0.0967412,0.132659,0.271165
1747398190631918,-0.0924709,0.140666,0.274437
1747398190631998,-0.0963545,0.142946,0.279926
1747398190632205,-0.0563052,0.114628,0.222122
1747398190632494,-0.0972418,0.136788,0.276297
1747398190632746,-0.10058,0.129988,0.273312
1747398190632765,-0.100491,0.134064,0.276211
1747398190633067,-0.0945721,0.131241,0.266084
1747398190633253,-0.0999894,0.131616,0.272225
1747398190633302,-0.0877747,0.128774,0.257067
1747398190633402,-0.105013,0.129288,0.277488
1747398190633666,-0.0535769,0.110415,0.218111
1747398190633743,-0.0536768,0.110945,0.218319
1747398190633917,-0.108823,0.136434,0.284454
1747398190634033,-0.0962527,0.137964,0.276505
1747398190634224,-0.10316,0.128697,0.275083
1747398190634328,-0.06569,0.118229,0.234376
1747398190634741,-0.102161,0.130926,0.275253
1747398190634792,-0.101836,0.13011,0.27466
1747398190634798,-0.0955681,0.13889,0.277302
1747398190634881,-0.100047,0.128468,0.272342
1747398190634928,-0.100509,0.132999,0.276249
1747398190635121,-0.104361,0.131293,0.278309
1747398190635122,-0.100329,0.129241,0.272856
1747398190635225,-0.0646277,0.111184,0.227439
1747398190635258,-0.0986332,0.132315,0.273734
1747398190635893,-0.0688373,0.109538,0.230468
1747398190635951,-0.0992343,0.133377,0.275921
1747398190635966,-0.109513,0.13218,0.283671
1747398190636344,-0.0970902,0.134042,0.272879
1747398190636572,-0.101299,0.128083,0.272647
1747398190636583,-0.10316,0.128697,0.275083
1747398190636596,-0.0915187,0.13972,0.274714
1747398190636613,-0.095303,0.133389,0.270492
1747398190636680,-0.0604699,0.11561,0.229208
1747398190636696,-0.0540728,0.112303,0.220145
1747398190636978,-0.101857,0.129053,0.274703
1747398190636980,-0.0926681,0.130891,0.265442
1747398190637214,-0.0552753,0.112733,0.221825
1747398190637403,-0.0593763,0.115788,0.227811
1747398190637427,-0.0555018,0.113838,0.222298
1747398190637462,-0.0986844,0.129304,0.270777
1747398190637620,-0.10792,0.131281,0.281774
1747398190637708,-0.10318,0.127637,0.275123
1747398190637731,-0.10537,0.12904,0.278135
1747398190637958,-0.0996932,0.129762,0.271686
1747398190637994,-0.0927716,0.133533,0.268695
1747398190638008,-0.0572771,0.118319,0.230185
1747398190638009,-0.0675157,0.12567,0.245356
1747398190638121,-0.0571219,0.116801,0.229854
1747398190638165,-0.0586876,0.119406,0.232293
1747398190638360,-0.105035,0.12822,0.277531
1747398190638387,-0.0507263,0.106189,0.206508
1747398190638416,-0.0869212,0.129393,0.260394
1747398190638435,-0.0532682,0.108467,0.210129
1747398190638445,-0.0966011,0.128965,0.267878
1747398190638746,-0.103037,0.131645,0.27791
1747398190638776,-0.057103,0.111255,0.215508
1747398190638839,-0.0539637,0.110898,0.219919
1747398190638849,-0.0946898,0.131247,0.268288
1747398190639123,-0.101492,0.131825,0.276037
1747398190639138,-0.0519397,0.107067,0.208209
1747398190639140,-0.0529433,0.106906,0.209473
1747398190639171,-0.0848962,0.119614,0.251578
1747398190639512,-0.0954257,0.130436,0.267674
1747398190639530,-0.365972,0.321733,0.64328
1747398190639575,-0.0785066,0.122197,0.243967
1747398190639637,-0.369259,0.325547,0.648396
1747398190639744,-0.0540522,0.107248,0.210938
1747398190639789,-0.0916411,0.12841,0.262488
1747398190639884,-0.475478,0.407669,0.799212
1747398190640146,-0.0544804,0.110029,0.218184
1747398190640180,-0.105035,0.12822,0.277531
1747398190640218,-0.105266,0.132022,0.281022
1747398190640293,-0.0594492,0.116625,0.225082
1747398190640462,-0.102046,0.132825,0.278121
1747398190640638,-0.0639336,0.115967,0.231686
1747398190640777,-0.054891,0.110527,0.220028
1747398190640880,-0.0975682,0.126791,0.267702
1747398190641102,-0.103472,0.138339,0.285032
1747398190641167,-0.0549864,0.111916,0.220222
1747398190641299,-0.0914191,0.129752,0.26207
1747398190641345,-0.104048,0.129397,0.277743
1747398190641488,-0.0563222,0.116649,0.226062
1747398190641593,-0.102491,0.129588,0.275861
1747398190641596,-0.0945746,0.140071,0.277511
1747398190641627,-0.0555101,0.112623,0.223326
1747398190641696,-0.0788379,0.121027,0.24749
1747398190642158,-0.098396,0.13841,0.279586
1747398190642217,-0.0517703,0.105929,0.204401
1747398190642296,-0.0502445,0.103547,0.202088
1747398190642371,-0.101201,0.131035,0.275503
1747398190642460,-0.100391,0.136033,0.279162
1747398190642581,-0.0975096,0.129744,0.2706
1747398190642715,-0.100567,0.139954,0.282695
1747398190642968,-0.103059,0.130575,0.277954
1747398190643073,-0.0536064,0.110746,0.215387
1747398190643307,-0.10318,0.127637,0.275123
1747398190643367,-0.0539834,0.108176,0.216182
1747398190643577,-0.0990569,0.130674,0.272509
1747398190644237,-0.124079,0.144871,0.305735
1747398190644366,-0.0966151,0.127929,0.267908
1747398190644593,-0.0524579,0.10757,0.207573
1747398190644642,-0.101857,0.129053,0.274703
1747398190644647,-0.099714,0.128716,0.271728
1747398190644679,-0.106265,0.13083,0.280806
1747398190644764,-0.0565637,0.10106,0.210938
1747398190644787,-0.0567957,0.102101,0.211395
1747398190644803,-0.091551,0.125885,0.259376
1747398190644851,-0.103264,0.13441,0.281451
1747398190644917,-0.105057,0.127152,0.277575
1747398190644983,-0.0552982,0.111998,0.215331
1747398190645364,-0.10788,0.134359,0.284808
1747398190645571,-0.062026,0.100873,0.218578
1747398190645573,-0.0998749,0.132443,0.275073
1747398190645638,-0.0658911,0.106697,0.226376
1747398190645668,-0.0998959,0.131385,0.275116
1747398190645933,-0.10407,0.128328,0.277786
1747398190645954,-0.0575719,0.115338,0.227833
1747398190645967,-0.0988919,0.133611,0.275279
1747398190646100,-0.0571208,0.110772,0.212913
1747398190646340,-0.101668,0.136735,0.279468
1747398190646390,-0.104048,0.129397,0.277743
1747398190646525,-0.0937316,0.132389,0.268492
1747398190646873,-0.100877,0.130218,0.274909
1747398190646877,-0.095441,0.129402,0.267706
1747398190646975,-0.105057,0.127152,0.277575
1747398190647060,-0.103059,0.130575,0.277954
1747398190647140,-0.0936293,0.128736,0.265271
1747398190647341,-0.0662472,0.10357,0.224393
1747398190647369,-0.103392,0.131403,0.278564
1747398190647515,-0.0527993,0.106694,0.208268
1747398190647590,-0.0976573,0.133481,0.273944
1747398190647858,-0.0535287,0.110049,0.211581
1747398190647889,-0.10308,0.129506,0.277998
1747398190647939,-0.0968298,0.126687,0.266352
1747398190648051,-0.108531,0.132294,0.283937
1747398190648054,-0.0535521,0.107588,0.211639
1747398190648122,-0.0953061,0.126818,0.264476
1747398190648135,-0.0520274,0.108046,0.209302
1747398190648149,-0.102878,0.125775,0.27458
1747398190648162,-0.053265,0.108948,0.211043
1747398190648389,-0.0586108,0.110759,0.218683
1747398190648445,-0.100247,0.138002,0.282092
1747398190648459,-0.0926433,0.134527,0.266433
1747398190648696,-0.101407,0.133772,0.278991
1747398190648720,-0.0551899,0.107743,0.217862
1747398190648811,-0.102068,0.131755,0.278165
1747398190648845,-0.0570294,0.11336,0.225666
1747398190648863,-0.0556729,0.112356,0.223675
1747398190649009,-0.0959323,0.137123,0.275894
1747398190649028,-0.100067,0.127418,0.272381
1747398190649157,-0.0992537,0.132314,0.275961
1747398190649168,-0.0673844,0.103338,0.225783
1747398190649310,-0.0568643,0.111857,0.215025
1747398190649356,-0.0669877,0.109964,0.230441
1747398190649377,-0.10407,0.128328,0.277786
1747398190649379,-0.0555713,0.110911,0.213215
1747398190649398,-0.10308,0.129506,0.277998
1747398190649730,-0.0590774,0.101817,0.216976
1747398190649746,-0.0540246,0.110222,0.213534
1747398190649791,-0.0891158,0.122,0.258701
1747398190649813,-0.102878,0.125775,0.27458
1747398190649943,-0.0551752,0.109433,0.217824
1747398190649984,-0.0872253,0.117416,0.253173
1747398190650093,-0.0949063,0.129976,0.266711
1747398190650113,-0.0554232,0.111705,0.215588
1747398190650153,-0.099076,0.129624,0.272547
1747398190650173,-0.105057,0.127152,0.277575
1747398190650355,-0.0987639,0.128822,0.271972
1747398190650377,-0.0566214,0.105264,0.213636
1747398190650457,-0.0877985,0.133873,0.261119
1747398190650495,-0.0538975,0.109673,0.213274
1747398190650514,-0.0896941,0.128091,0.259763
1747398190650820,-0.0992098,0.125673,0.269782
1747398190650925,-0.0934012,0.13009,0.264842
1747398190650946,-0.10308,0.129506,0.277998
1747398190650978,-0.091784,0.13732,0.269923
1747398190651114,-0.0874494,0.13715,0.265552
1747398190651163,-0.0981029,0.130781,0.272753
1747398190651181,-0.0944998,0.129505,0.26794
1747398190651227,-0.0569468,0.103516,0.215225
1747398190651457,-0.0963033,0.130154,0.270359
1747398190651479,-0.0594698,0.104761,0.21868
1747398190651569,-0.0673673,0.106778,0.228441
1747398190651680,-0.0608294,0.105677,0.220584
1747398190651707,-0.0579553,0.102816,0.215527
1747398190652054,-0.100238,0.131143,0.275752
1747398190652245,-0.0904134,0.141248,0.271429
1747398190652406,-0.0972851,0.127963,0.270191
1747398190652466,-0.100899,0.12916,0.274952
1747398190652540,-0.099095,0.128573,0.272586
1747398190652610,-0.0661106,0.102134,0.224133
1747398190652627,-0.0578576,0.102306,0.215334
1747398190652655,-0.0824945,0.134686,0.259824
1747398190652673,-0.10092,0.128102,0.274994
1747398190652734,-0.0619011,0.099481,0.218337
1747398190652910,-0.1024,0.132587,0.278777
1747398190653050,-0.0559468,0.112086,0.221382
1747398190653117,-0.0740075,0.125932,0.247671
1747398190653218,-0.10308,0.129506,0.277998
1747398190653221,-0.0572635,0.115669,0.223263
1747398190653297,-0.0617945,0.103602,0.220762
1747398190653697,-0.0560836,0.112662,0.221667
1747398190653724,-0.0972134,0.141605,0.282728
1747398190654146,-0.100899,0.12916,0.274952
1747398190654149,-0.0559911,0.10683,0.217727
1747398190654217,-0.10092,0.128102,0.274994
1747398190654355,-0.053281,0.106834,0.210162
1747398190654389,-0.0683135,0.113068,0.235033
1747398190654431,-0.0667994,0.112027,0.232878
1747398190654467,-0.0972801,0.13466,0.276377
1747398190654470,-0.0849924,0.12954,0.254639
1747398190654499,-0.099095,0.128573,0.272586
1747398190654538,-0.0880719,0.130081,0.258648
1747398190654628,-0.0992537,0.132314,0.275961
1747398190654807,-0.0972851,0.127963,0.270191
1747398190654883,-0.1019,0.126938,0.274787
1747398190654899,-0.0990845,0.135301,0.278794
1747398190655016,-0.0590691,0.102659,0.216956
1747398190655053,-0.0987843,0.127775,0.272014
1747398190655110,-0.0817367,0.12384,0.254247
1747398190655170,-0.0568821,0.113448,0.221488
1747398190655195,-0.0583644,0.115022,0.223704
1747398190655315,-0.0674072,0.101589,0.225834
1747398190655345,-0.101254,0.136803,0.281879
1747398190655421,-0.0645248,0.100663,0.221859
1747398190655486,-0.103607,0.135262,0.282087
1747398190655490,-0.0556705,0.113015,0.219816
1747398190655538,-0.0971467,0.130887,0.272996
1747398190655607,-0.10092,0.128102,0.274994
1747398190655617,-0.0570057,0.11401,0.221743
1747398190655634,-0.0552667,0.111307,0.218977
1747398190655682,-0.100745,0.124427,0.271649
1747398190655840,-0.0624737,0.10127,0.220374
1747398190656006,-0.0518928,0.103703,0.205543
1747398190656093,-0.0545603,0.10657,0.212901
1747398190656181,-0.0906985,0.132114,0.263712
1747398190656403,-0.0999378,0.129267,0.275201
1747398190656409,-0.0610853,0.114956,0.231519
1747398190656764,-0.100238,0.131143,0.275752
1747398190656899,-0.0961937,0.125477,0.267142
1747398190656937,-0.10092,0.128102,0.274994
1747398190656964,-0.0645355,0.0998033,0.221883
1747398190657045,-0.0982483,0.126818,0.269987
1747398190657165,-0.0887813,0.135371,0.264053
1747398190657166,-0.0949244,0.128948,0.266748
1747398190657183,-0.0631842,0.111572,0.229174
1747398190657220,-0.100067,0.127418,0.272381
1747398190657222,-0.061101,0.100392,0.218473
1747398190657452,-0.0575941,0.108519,0.221154
1747398190657467,-0.0939046,0.133549,0.273021
1747398190657530,-0.0609322,0.101524,0.218134
1747398190657594,-0.101878,0.127995,0.274745
1747398190657600,-0.0597335,0.10121,0.216563
1747398190657601,-0.091448,0.127726,0.262131
1747398190657630,-0.0637234,0.100729,0.222023
1747398190657714,-0.0979775,0.126061,0.269491
1747398190657739,-0.102993,0.133782,0.277822
1747398190657810,-0.056196,0.113516,0.219088
1747398190657982,-0.057592,0.103743,0.214796
1747398190658184,-0.0897068,0.127085,0.259791
1747398190658262,-0.0976766,0.12528,0.268938
1747398190658386,-0.0604371,0.118266,0.229129
1747398190658391,-0.097832,0.127879,0.272257
1747398190658519,-0.0961988,0.142808,0.282939
1747398190658543,-0.0540793,0.102688,0.210097
1747398190658552,-0.053223,0.1067,0.207449
1747398190658619,-0.0623206,0.100704,0.220073
1747398190658794,-0.0669995,0.109073,0.230467
1747398190658837,-0.055343,0.103553,0.21186
1747398190658894,-0.0641893,0.118659,0.236171
1747398190658919,-0.0534514,0.107744,0.207905
1747398190658930,-0.0555235,0.10125,0.209641
1747398190659003,-0.0901145,0.135651,0.267692
1747398190659077,-0.0663722,0.106248,0.228275
1747398190659229,-0.0612369,0.117378,0.231829
1747398190659319,-0.0913626,0.125214,0.259032
1747398190659463,-0.055616,0.101746,0.209822
1747398190659477,-0.497554,0.421842,0.82053
1747398190659528,-0.0558031,0.11031,0.213685
1747398190659543,-0.0605993,0.106748,0.222846
1747398190659620,-0.0541907,0.107801,0.211219
1747398190659725,-0.0633682,0.113899,0.223965
1747398190659785,-0.09617,0.132046,0.2732
1747398190659790,-0.0612594,0.105234,0.222391
1747398190659849,-0.0560736,0.110389,0.218844
1747398190659886,-0.0982678,0.133486,0.276169
1747398190659926,-0.0582476,0.113768,0.227349
1747398190659956,-0.0988047,0.126727,0.272055
1747398190659992,-0.0673932,0.118595,0.235045
1747398190660260,-0.028472,0.0833414,0.176345
1747398190660283,-0.0540522,0.107248,0.210938
1747398190660294,-0.100081,0.134118,0.278584
1747398190660308,-0.0842176,0.123281,0.256154
1747398190660312,-0.0918648,0.1282,0.260964
1747398190660342,-0.0808769,0.121546,0.251552
1747398190660344,-0.0571789,0.104991,0.213051
1747398190660363,-0.066482,0.112152,0.23126
1747398190660377,-0.0935348,0.128762,0.26314
1747398190660400,-0.0548322,0.104257,0.20992
1747398190660409,-0.0567912,0.105919,0.217592
1747398190660506,-0.0573914,0.106027,0.213469
1747398190660511,-0.0945208,0.13171,0.264954
1747398190660538,-0.0979484,0.132661,0.27557
1747398190660589,-0.0999078,0.142676,0.278231
1747398190660900,-0.097832,0.127879,0.272257
1747398190661010,-0.0615035,0.102475,0.220186
1747398190661060,-0.0551756,0.110608,0.215083
1747398190661211,-0.0935417,0.130644,0.268142
1747398190661464,-0.0967343,0.125382,0.269177
1747398190661944,-0.0570213,0.11229,0.221782
1747398190662048,-0.0579562,0.111545,0.222869
1747398190662374,-0.0949424,0.138296,0.276099
1747398190662727,-0.0970451,0.139816,0.279123
1747398190662795,-0.0601757,0.10545,0.22104
1747398190663044,-0.0876397,0.135232,0.262814
1747398190663086,-0.0571482,0.112318,0.219255
1747398190663266,-0.0820744,0.131135,0.254878
1747398190663290,-0.0532477,0.104288,0.207508
1747398190663362,-0.0555474,0.110212,0.216797
1747398190663743,-0.0621853,0.111033,0.228998
1747398190663858,-0.092851,0.124074,0.260879
1747398190663902,-0.0913768,0.124212,0.259062
1747398190663965,-0.0925748,0.123327,0.260371
1747398190664010,-0.0930999,0.1248,0.261336
1747398190664033,-0.0559462,0.111897,0.217615
1747398190664112,-0.0590243,0.101396,0.214248
1747398190664126,-0.0619354,0.113985,0.231374
1747398190664190,-0.0605022,0.112952,0.229285
1747398190664240,-0.0545447,0.106911,0.211942
1747398190664244,-0.0799017,0.115045,0.242953
1747398190664262,-0.0955063,0.127507,0.26484
1747398190664390,-0.0915638,0.124881,0.259404
1747398190664687,-0.0620853,0.103444,0.222277
1747398190664875,-0.0976964,0.124244,0.268978
1747398190665074,-0.062242,0.104022,0.222589
1747398190665152,-0.0542161,0.105345,0.211281
1747398190665337,-0.0997757,0.125576,0.271852
1747398190665418,-0.0896526,0.123607,0.256768
1747398190665750,-0.0586892,0.11147,0.225386
1747398190665750,-0.0623103,0.101556,0.220049
1747398190665787,-0.092851,0.124074,0.260879
1747398190665883,-0.0554851,0.106235,0.213057
1747398190666128,-0.0897498,0.133234,0.263902
1747398190666424,-0.0553036,0.108491,0.211761
1747398190666433,-0.0942668,0.128776,0.267507
1747398190666441,-0.0624641,0.102124,0.220352
1747398190666522,-0.0537152,0.106029,0.209348
1747398190666673,-0.0535801,0.105484,0.209075
1747398190666784,-0.0562052,0.112668,0.21911
1747398190666859,-0.0549683,0.106916,0.211092
1747398190666947,-0.0583804,0.104942,0.217302
1747398190667182,-0.0596046,0.105315,0.218949
1747398190667309,-0.0924978,0.128144,0.265134
1747398190667312,-0.0566186,0.11128,0.217219
1747398190667360,-0.0597241,0.105856,0.219186
1747398190667432,-0.0654573,0.110228,0.22729
1747398190667659,-0.0937141,0.127243,0.266476
1747398190667688,-0.0571578,0.104557,0.215645
1747398190667728,-0.0584786,0.115218,0.224931
1747398190667731,-0.0618336,0.107107,0.224497
1747398190667867,-0.0613117,0.114649,0.229064
1747398190667869,-0.0940048,0.128022,0.267019
1747398190668537,-0.0561231,0.107756,0.215278
1747398190668668,-0.0565115,0.108197,0.217011
1747398190668745,-0.0968375,0.130081,0.272418
1747398190669060,-0.0590313,0.10645,0.219549
1747398190669190,-0.057684,0.108557,0.218578
1747398190669331,-0.0562512,0.106993,0.212886
1747398190669395,-0.0628083,0.107628,0.224657
1747398190669465,-0.0950844,0.129491,0.270094
1747398190669530,-0.0590243,0.101396,0.214248
1747398190669645,-0.0580969,0.102139,0.213196
1747398190669699,-0.0573986,0.110852,0.219773
1747398190669711,-0.0894716,0.122949,0.256437
1747398190669740,-0.0553103,0.107668,0.211778
1747398190669781,-0.0639814,0.114156,0.22893
1747398190669997,-0.090922,0.122808,0.258226
1747398190670012,-0.06103,0.119426,0.231386
1747398190670154,-0.0547244,0.105386,0.2097
1747398190670195,-0.0597758,0.118975,0.229657
1747398190670203,-0.0568975,0.10178,0.211597
1747398190670227,-0.111693,0.145223,0.288627
1747398190670327,-0.0535717,0.105011,0.208157
1747398190670367,-0.0557535,0.105214,0.210985
1747398190670368,-0.0906548,0.122072,0.257733
1747398190670448,-0.0822117,0.135503,0.262416
1747398190670516,-0.0557319,0.106477,0.213557
1747398190670567,-0.0592979,0.102486,0.214786
1747398190670633,-0.0609326,0.109663,0.220776
1747398190670644,-0.0591684,0.101948,0.214532
1747398190670645,-0.0628261,0.121809,0.234231
1747398190670716,-0.0607512,0.1039,0.216855
1747398190670723,-0.0925748,0.123327,0.260371
1747398190670816,-0.320108,0.281198,0.57352
1747398190670844,-0.306055,0.269114,0.553267
1747398190670899,-0.0603513,0.102264,0.216073
1747398190671160,-0.0580972,0.10722,0.216723
1747398190671177,-0.057949,0.106652,0.216425
1747398190671409,-0.355039,0.301869,0.620483
1747398190671638,-0.322311,0.284001,0.576955
1747398190671642,-0.0911781,0.122522,0.258701
1747398190671705,-0.0613364,0.103171,0.218928
1747398190671828,-0.0610823,0.102086,0.21843
1747398190672070,-0.0567687,0.108452,0.217536
1747398190672276,-0.0607043,0.110776,0.223043
1747398190672354,-0.0568709,0.108978,0.217741
1747398190672476,-0.059607,0.116349,0.225409
1747398190672484,-0.0622999,0.102409,0.220026
1747398190672493,-0.0579256,0.114129,0.222795
1747398190672542,-0.0643098,0.103426,0.2241
1747398190672679,-0.0630499,0.112259,0.225124
1747398190672781,-0.0598355,0.108581,0.22034
1747398190672836,-0.0592951,0.115143,0.224767
1747398190672902,-0.057442,0.107843,0.217145
1747398190673098,-0.110331,0.147681,0.294724
1747398190673222,-0.0586389,0.108219,0.21875
1747398190673283,-0.0922114,0.122876,0.261627
1747398190673321,-0.090281,0.121616,0.258954
1747398190673342,-0.0573095,0.107288,0.216878
1747398190673364,-0.061217,0.102635,0.218695
1747398190673428,-0.0621003,0.117591,0.227806
1747398190673445,-0.062768,0.111107,0.224563
1747398190673564,-0.0583697,0.111016,0.220928
1747398190673650,-0.062822,0.115185,0.227439
1747398190675019,-0.0574252,0.109526,0.217105
1747398190675065,-0.0614164,0.105816,0.222706
1747398190675338,-0.0575444,0.11007,0.217344
1747398190675455,-0.0622895,0.103261,0.220002
1747398190675766,-0.0601141,0.111446,0.220893
1747398190675815,-0.057143,0.108396,0.216534
1747398190676014,-0.0626566,0.106168,0.224357
1747398190676051,-0.0640785,0.107119,0.226358
1747398190676262,-0.0612084,0.103484,0.218674
1747398190676266,-0.0572913,0.108968,0.216834
1747398190676289,-0.0943917,0.125895,0.264737
1747398190676309,-0.0625843,0.10439,0.220581
1747398190676433,-0.0902659,0.122617,0.258922
1747398190676585,-0.0628157,0.105463,0.221031
1747398190676779,-0.311042,0.27289,0.561083
1747398190676820,-0.0628231,0.104604,0.221049
1747398190676978,-0.0600811,0.102796,0.217245
1747398190676979,-0.0598662,0.116252,0.226941
1747398190677083,-0.0606396,0.116235,0.229561
1747398190677150,-0.0906615,0.123972,0.259652
1747398190677155,-0.0619021,0.116667,0.231294
1747398190677177,-0.0922114,0.122876,0.261627
1747398190677212,-0.0658694,0.107618,0.223642
1747398190677284,-0.0617315,0.112327,0.227074
1747398190677585,-0.0601633,0.110725,0.224728
1747398190677630,-0.300056,0.264267,0.545549
1747398190677853,-0.094572,0.122579,0.26314
1747398190677935,-0.0578202,0.113078,0.221604
1747398190677958,-0.0618727,0.10202,0.218272
1747398190677979,-0.0928851,0.122061,0.260949
1747398190678023,-0.0761362,0.126639,0.249017
1747398190678210,-0.0593387,0.108947,0.221116
1747398190678364,-0.0655373,0.107204,0.22842
1747398190678446,-0.0589046,0.108476,0.219286
1747398190678481,-0.0608686,0.10273,0.217089
1747398190678512,-0.28947,0.255963,0.530549
1747398190678677,-0.0607669,0.102215,0.216893
1747398190679019,-0.0931293,0.132825,0.270456
1747398190679128,-0.0782167,0.122361,0.249224
1747398190679265,-0.0617639,0.117356,0.229991
1747398190679301,-0.0623966,0.110768,0.226592
1747398190679553,-0.0625637,0.111374,0.22693
1747398190679576,-0.0606233,0.109362,0.220156
1747398190679582,-0.0647782,0.106105,0.222335
1747398190679696,-0.0611505,0.110382,0.224917
1747398190680141,-0.0571238,0.108744,0.21556
1747398190680177,-0.0582223,0.108616,0.21697
1747398190680322,-0.059877,0.112577,0.223162
1747398190680422,-0.0592697,0.108418,0.218263
1747398190680497,-0.0804868,0.128529,0.252719
1747398190680801,-0.078175,0.125247,0.249132
1747398190680930,-0.0644718,0.104009,0.224419
1747398190681254,-0.0644788,0.111079,0.230935
1747398190681364,-0.0626021,0.102679,0.220622
1747398190681485,-0.0627243,0.103219,0.220861
1747398190682073,-0.0598769,0.115375,0.226966
1747398190682331,-0.0613364,0.103171,0.218928
1747398190682424,-0.0639936,0.104449,0.222542
1747398190682447,-0.0811121,0.121396,0.246195
1747398190682712,-0.0622999,0.102409,0.220026
1747398190682798,-0.0627162,0.104076,0.220841
1747398190682999,-0.0896755,0.126143,0.257808
1747398190683033,-0.0584849,0.105886,0.21486
1747398190683266,-0.0922114,0.122876,0.261627
1747398190683705,-0.0638414,0.110885,0.228658
1747398190684100,-0.0624075,0.109892,0.226617
1747398190684303,-0.0956604,0.122939,0.266164
1747398190684317,-0.061975,0.10944,0.224776
1747398190684605,-0.0621214,0.110021,0.22507
1747398190684620,-0.0633948,0.110423,0.226786
1747398190685473,-0.0609587,0.110147,0.223559
1747398190685567,-0.0967343,0.125382,0.269177
1747398190685725,-0.0632271,0.109819,0.22645
1747398190685915,-0.0578124,0.10732,0.215224
1747398190686208,-0.0635518,0.117482,0.233818
1747398190686219,-0.094707,0.124064,0.266359
1747398190687083,-0.0602342,0.107233,0.218456
1747398190687121,-0.0603722,0.107793,0.218729
1747398190687172,-0.0938186,0.12984,0.269731
1747398190687482,-0.0567912,0.105919,0.217592
1747398190687483,-0.063405,0.109545,0.22681
1747398190687547,-0.105152,0.137422,0.280795
1747398190687561,-0.0917621,0.131556,0.266785
1747398190687863,-0.0635551,0.110132,0.227111
1747398190687915,-0.0580046,0.1063,0.219243
1747398190689173,-0.0968003,0.139561,0.277544
1747398190689418,-0.0638188,0.112653,0.228606
1747398190690263,-0.0897492,0.127639,0.260897
1747398190690647,-0.0620218,0.108605,0.222131
1747398190690847,-0.0763801,0.120099,0.239793
1747398190691059,-0.0795516,0.121269,0.246967
1747398190691117,-0.0599253,0.108177,0.216916
1747398190691240,-0.0917014,0.127951,0.263637
1747398190691317,-0.064075,0.116561,0.231973
1747398190691382,-0.0621524,0.113688,0.228921
1747398190691524,-0.0631706,0.106245,0.222662
1747398190691921,-0.0631739,0.112459,0.22915
1747398190692837,-0.0621413,0.114573,0.228895
1747398190692964,-0.0648695,0.117019,0.235638
1747398190693381,-0.0628784,0.104236,0.22209
1747398190693417,-0.0630371,0.104816,0.222403
1747398190693785,-0.0596268,0.116572,0.229351
1747398190693985,-0.0928309,0.132022,0.269888
1747398190694120,-0.0920714,0.131318,0.267375
1747398190694294,-0.0940806,0.132719,0.270218
1747398190694676,-0.0633845,0.111301,0.226762
1747398190694917,-0.0773018,0.115296,0.243541
1747398190695161,-0.0665224,0.10862,0.228564
1747398190695204,-0.061297,0.115015,0.22803
1747398190696108,-0.0648577,0.117929,0.235611
1747398190696626,-0.063047,0.103954,0.222426
1747398190696688,-0.0900581,0.126384,0.261485
1747398190696762,-0.062889,0.103376,0.222114
1747398190696897,-0.0903041,0.127116,0.261946
1747398190697034,-0.0809807,0.129555,0.25473
1747398190698637,-0.0644718,0.104009,0.224419
1747398190698791,-0.057722,0.109945,0.221414
1747398190698912,-0.0613056,0.110092,0.225234
1747398190699257,-0.0643098,0.103426,0.2241
1747398190699478,-0.0691172,0.126899,0.247745
1747398190699494,-0.0630671,0.110513,0.225165
1747398190700097,-0.0913078,0.129572,0.264876
1747398190700284,-0.0907723,0.128052,0.263866
1747398190700476,-0.0789722,0.127066,0.254778
1747398190701383,-0.0920889,0.130287,0.267412
1747398190701646,-0.0629265,0.116327,0.23151
1747398190701695,-0.0793703,0.129453,0.255562
1747398190703712,-0.0657451,0.104352,0.226096
1747398190704658,-0.0616664,0.102191,0.220512
1747398190705172,-0.093382,0.134648,0.270932
1747398190708579,-0.0910879,0.126785,0.264469
1747398190720056,-0.09084,0.130632,0.267057
1747398190731467,-0.0953894,0.141986,0.280218
1747398190943489,-0.0428211,0.100566,0.196359
1747398190994498,-0.0326031,0.100045,0.1933
1747398190994702,-0.0316236,0.0992832,0.191835
1747398190995823,-0.0192552,0.0893002,0.17328
1747398190996291,-0.0201735,0.0907492,0.174767
1747398191047535,0.0637418,-0.047963,0.0981643
1747398191372277,0.0716795,-0.051274,0.109735
1747398191586397,0.0746539,-0.0575278,0.117039
1747398191644923,-0.0108183,0.0794132,0.155906
1747398191645082,-0.0102322,0.0796181,0.155129
1747398191645145,-0.0115251,0.0802646,0.156973
1747398191645152,-0.00960925,0.0794652,0.154251
1747398191645718,-0.012201,0.0807695,0.157954
1747398191645952,-0.0121143,0.0800464,0.15774
1747398191646000,-0.00886674,0.0779619,0.153073
1747398191646031,-0.00954677,0.0787871,0.154099
1747398191646101,-0.00896438,0.0789794,0.153314
1747398191646278,-0.0115608,0.0806146,0.157059
1747398191646781,-0.011485,0.0799089,0.156874
1747398191646785,-0.00960925,0.0794652,0.154251
1747398191729762,0.0802411,-0.0609581,0.127327
1747398192058444,0.0869699,-0.0602799,0.130849
1747398192628243,0.0828043,-0.0620873,0.131394
1747398192965314,0.108987,-0.081359,0.167841
1747398193182224,-0.0731826,0.131809,0.255371
1747398193191757,-0.10579,0.155926,0.300758
1747398193194871,-0.103034,0.15313,0.296488
1747398193198308,-0.111325,0.158534,0.306893
1747398193200663,-0.113888,0.15928,0.310683
1747398193201763,-0.105853,0.154767,0.297373
1747398193203324,-0.108253,0.156605,0.300894
1747398193204419,-0.11499,0.157947,0.310433
1747398193204707,-0.110734,0.157318,0.304547
1747398193204836,-0.105874,0.153625,0.297418
1747398193204870,-0.112415,0.157218,0.306648
1747398193205738,-0.109902,0.156506,0.302954
1747398193208496,-0.11499,0.157947,0.310433
1747398193208713,-0.10723,0.154385,0.297745
1747398193208893,-0.109321,0.155313,0.300653
1747398193210684,-0.113943,0.156924,0.307236
1747398193210707,-0.111813,0.15601,0.3043
1747398193211085,-0.110978,0.155208,0.302714
1747398193213596,-0.10691,0.153492,0.297137
1747398193213749,-0.113502,0.155904,0.306403
1747398193213818,-0.108926,0.155516,0.299898
1747398193214024,-0.111004,0.154049,0.302768
1747398193214062,-0.0972134,0.141605,0.282728
1747398193215776,-0.10999,0.15423,0.299659
1747398193215994,-0.118711,0.158548,0.313997
1747398193216033,-0.104846,0.149729,0.292036
1747398193216483,-0.112026,0.155069,0.30242
1747398193216805,-0.11456,0.155762,0.306101
1747398193216960,-0.0786541,0.13123,0.254128
1747398193217138,-0.102537,0.149136,0.288682
1747398193217370,-0.108568,0.153959,0.298037
1747398193218195,-0.109628,0.150957,0.298983
1747398193219056,-0.107652,0.149019,0.296316
1747398193219335,-0.117186,0.155287,0.309931
1747398193219406,-0.113861,0.160468,0.310626
1747398193219766,-0.11456,0.155762,0.306101
1747398193219790,-0.112026,0.155069,0.30242
1747398193219871,-0.11216,0.160559,0.308493
1747398193220252,-0.105838,0.150717,0.291711
1747398193221075,-0.11982,0.157201,0.31374
1747398193221377,-0.108974,0.153224,0.296572
1747398193221526,-0.117158,0.156473,0.309874
1747398193222062,-0.0972972,0.144978,0.27959
1747398193223266,-0.106932,0.151195,0.293779
1747398193224247,-0.115644,0.15445,0.305855
1747398193224313,-0.103614,0.145689,0.288557
1747398193224399,-0.1176,0.159897,0.314254
1747398193224474,-0.111028,0.154093,0.29937
1747398193224925,-0.106578,0.152577,0.293106
1747398193225003,-0.118253,0.155144,0.309622
1747398193225077,-0.108587,0.153432,0.295842
1747398193225384,-0.113528,0.15477,0.302982
1747398193225873,-0.118281,0.153959,0.309679
1747398193226603,-0.0818683,0.130973,0.257529
1747398193226846,-0.111671,0.151833,0.298353
1747398193227020,-0.110025,0.151951,0.296334
1747398193227825,-0.103302,0.14874,0.286822
1747398193228047,-0.120926,0.155856,0.313482
1747398193228302,-0.116115,0.154288,0.306735
1747398193228945,0.0195056,0.0536763,0.111194
1747398193229061,0.0195056,0.0536763,0.111194
1747398193229113,-0.116515,0.15526,0.30748
1747398193229177,0.0195056,0.0536763,0.111194
1747398193229236,-0.10823,0.1519,0.294016
1747398193229293,0.0195056,0.0536763,0.111194
1747398193229408,0.0195056,0.0536763,0.111194
1747398193229417,-0.109661,0.151029,0.295655
1747398193229476,-0.112088,0.152809,0.29913
1747398193229498,-0.356474,0.336931,0.648519
1747398193229524,0.0195056,0.0536763,0.111194
1747398193229639,0.0195056,0.0536763,0.111194
1747398193229754,0.0195056,0.0536763,0.111194
1747398193229870,0.0195056,0.0536763,0.111194
1747398193229903,-0.109684,0.149894,0.295704
1747398193229985,0.0195056,0.0536763,0.111194
1747398193230101,0.0195056,0.0536763,0.111194
1747398193230216,0.0195056,0.0536763,0.111194
1747398193230246,-0.107618,0.151319,0.292873
1747398193230332,0.0195056,0.0536763,0.111194
1747398193230448,0.0195056,0.0536763,0.111194
1747398193230563,0.0195056,0.0536763,0.111194
1747398193230679,0.0195056,0.0536763,0.111194
1747398193230689,-0.110674,0.151397,0.297548
1747398193230795,0.0195056,0.0536763,0.111194
1747398193231026,0.0195056,0.0536763,0.111194
1747398193231142,0.0195056,0.0536763,0.111194
1747398193231258,0.0195056,0.0536763,0.111194
1747398193231374,0.0195056,0.0536763,0.111194
1747398193231490,0.0195056,0.0536763,0.111194
1747398193231606,0.0195056,0.0536763,0.111194
1747398193231628,-0.119316,0.155001,0.309312
1747398193231786,-0.113603,0.151283,0.303134
1747398193231944,-0.116697,0.15431,0.305552
1747398193232008,-0.107288,0.149289,0.29226
1747398193232938,-0.112489,0.152598,0.299878
1747398193233198,-0.10241,0.141742,0.285157
1747398193233753,-0.323076,0.306499,0.596687
1747398193233765,-0.108634,0.151188,0.292596
1747398193233948,-0.106601,0.150318,0.289833
1747398193233983,-0.124753,0.156437,0.317115
1747398193234430,-0.104642,0.144458,0.288335
1747398193234617,0.0194127,0.0534232,0.110665
1747398193234733,-0.112702,0.151698,0.298064
1747398193234733,0.0194127,0.0534232,0.110665
1747398193234786,-0.122031,0.154512,0.313224
1747398193234849,0.0194127,0.0534232,0.110665
1747398193234965,0.0194127,0.0534232,0.110665
1747398193235070,-0.0971644,0.141039,0.276136
1747398193235081,0.0194127,0.0534232,0.110665
1747398193235196,0.0194127,0.0534232,0.110665
1747398193235312,0.0194127,0.0534232,0.110665
1747398193235330,-0.106315,0.148349,0.289306
1747398193235427,0.0194127,0.0534232,0.110665
1747398193235497,-0.103312,0.145995,0.284706
1747398193235543,-0.117197,0.152973,0.306485
1747398193235543,0.0194127,0.0534232,0.110665
1747398193235659,0.0194127,0.0534232,0.110665
1747398193235755,-0.119806,0.154842,0.310219
1747398193235774,0.0194127,0.0534232,0.110665
1747398193235791,-0.119345,0.153817,0.309369
1747398193235890,0.0194127,0.0534232,0.110665
1747398193235945,-0.121398,0.160528,0.317906
1747398193236006,0.0194127,0.0534232,0.110665
1747398193236011,-0.409936,0.374542,0.720748
1747398193236104,-0.113448,0.158248,0.306292
1747398193236122,0.0194127,0.0534232,0.110665
1747398193236238,0.0194127,0.0534232,0.110665
1747398193236353,0.0194127,0.0534232,0.110665
1747398193236470,0.0194127,0.0534232,0.110665
1747398193236586,0.0194127,0.0534232,0.110665
1747398193237051,0.0194127,0.0534232,0.110665
1747398193237168,0.0194127,0.0534232,0.110665
1747398193237284,0.0194127,0.0534232,0.110665
1747398193237399,0.0194127,0.0534232,0.110665
1747398193237516,0.0194127,0.0534232,0.110665
1747398193237532,-0.116933,0.159849,0.311766
1747398193237633,0.0194127,0.0534232,0.110665
1747398193237712,-0.101789,0.145033,0.28286
1747398193237749,0.0194127,0.0534232,0.110665
1747398193237864,0.0194127,0.0534232,0.110665
1747398193237980,0.0194127,0.0534232,0.110665
1747398193238096,0.0194127,0.0534232,0.110665
1747398193238212,0.0194127,0.0534232,0.110665
1747398193238328,0.0194127,0.0534232,0.110665
1747398193238444,0.0194127,0.0534232,0.110665
1747398193238539,-0.106932,0.149549,0.288308
1747398193238561,0.0194127,0.0534232,0.110665
1747398193238650,-0.113885,0.152208,0.300254
1747398193238677,0.0194127,0.0534232,0.110665
1747398193238792,0.0194127,0.0534232,0.110665
1747398193238909,0.0194127,0.0534232,0.110665
1747398193239026,0.0194127,0.0534232,0.110665
1747398193239050,-0.116083,0.151958,0.303258
1747398193239142,0.0194127,0.0534232,0.110665
1747398193239259,0.0194127,0.0534232,0.110665
1747398193239375,0.0194127,0.0534232,0.110665
1747398193239492,0.0194127,0.0534232,0.110665
1747398193239515,-0.11216,0.160559,0.308493
1747398193239539,-0.103404,0.141622,0.284893
1747398193239608,0.0194127,0.0534232,0.110665
1747398193239725,0.0194127,0.0534232,0.110665
1747398193239841,0.0194127,0.0534232,0.110665
1747398193239956,-0.112702,0.151698,0.298064
1747398193239957,0.0194127,0.0534232,0.110665
1747398193240073,0.0194127,0.0534232,0.110665
1747398193240189,0.0194127,0.0534232,0.110665
1747398193240277,-0.112052,0.15282,0.295721
1747398193240305,0.0194127,0.0534232,0.110665
1747398193240421,0.0194127,0.0534232,0.110665
1747398193240495,-0.108871,0.150324,0.29088
1747398193240537,0.0194127,0.0534232,0.110665
1747398193240580,-0.11072,0.154929,0.301037
1747398193240653,0.0194127,0.0534232,0.110665
1747398193240770,0.0194127,0.0534232,0.110665
1747398193240885,-0.111013,0.155798,0.301587
1747398193240886,0.0194127,0.0534232,0.110665
1747398193240935,-0.119761,0.159601,0.313622
1747398193241514,-0.11868,0.15262,0.306971
1747398193241524,-0.111073,0.15068,0.296095
1747398193242087,-0.437445,0.38785,0.754738
1747398193242094,0.0289115,0.0490553,0.0958744
1747398193242627,0.0193206,0.0531724,0.110141
1747398193242743,0.0193206,0.0531724,0.110141
1747398193242859,0.0193206,0.0531724,0.110141
1747398193242928,-0.107299,0.149332,0.288991
1747398193242975,0.0193206,0.0531724,0.110141
1747398193243091,0.0193206,0.0531724,0.110141
1747398193243207,0.0193206,0.0531724,0.110141
1747398193243217,-0.114201,0.151908,0.300837
1747398193243323,0.0193206,0.0531724,0.110141
1747398193243440,0.0193206,0.0531724,0.110141
1747398193243555,0.0193206,0.0531724,0.110141
1747398193243671,0.0193206,0.0531724,0.110141
1747398193243788,0.0193206,0.0531724,0.110141
1747398193243897,-0.366396,0.340885,0.656087
1747398193243904,0.0193206,0.0531724,0.110141
1747398193244010,-0.120436,0.152492,0.309116
1747398193244021,0.0193206,0.0531724,0.110141
1747398193244137,0.0193206,0.0531724,0.110141
1747398193244195,-0.368409,0.335111,0.65725
1747398193244253,0.0193206,0.0531724,0.110141
1747398193244370,0.0193093,0.0529724,0.110179
1747398193244485,0.0193093,0.0529724,0.110179
1747398193244505,-0.107608,0.150189,0.289561
1747398193244601,0.0193093,0.0529724,0.110179
1747398193244718,0.0193093,0.0529724,0.110179
1747398193244806,-0.123133,0.153169,0.312965
1747398193244835,0.0193093,0.0529724,0.110179
1747398193244950,0.0193093,0.0529724,0.110179
1747398193245067,0.0193093,0.0529724,0.110179
1747398193245172,-0.442433,0.396302,0.762504
1747398193245183,0.0195056,0.0536763,0.111194
1747398193245195,-0.118225,0.154007,0.306129
1747398193245300,0.0195056,0.0536763,0.111194
1747398193245416,0.0195056,0.0536763,0.111194
1747398193245533,0.0195056,0.0536763,0.111194
1747398193245649,0.0193206,0.0531724,0.110141
1747398193245765,0.0193206,0.0531724,0.110141
1747398193245881,0.0193206,0.0531724,0.110141
1747398193245942,-0.10967,0.149932,0.292362
1747398193245998,0.0193206,0.0531724,0.110141
1747398193246114,0.0193093,0.0529724,0.110179
1747398193246131,-0.111706,0.150763,0.295088
1747398193246231,0.0193093,0.0529724,0.110179
1747398193246348,0.0193093,0.0529724,0.110179
1747398193246465,0.0193093,0.0529724,0.110179
1747398193246582,0.0193093,0.0529724,0.110179
1747398193246698,0.0193093,0.0529724,0.110179
1747398193246761,-0.121495,0.15235,0.308805
1747398193246791,-0.11933,0.15152,0.305929
1747398193246814,0.0193093,0.0529724,0.110179
1747398193246930,0.0193093,0.0529724,0.110179
1747398193247021,-0.114964,0.149763,0.300049
1747398193247046,0.0193093,0.0529724,0.110179
1747398193247101,-0.12196,0.153369,0.30965
1747398193247696,-0.297459,0.281798,0.55712
1747398193247773,-0.114582,0.151176,0.299343
1747398193247911,-0.116274,0.151049,0.301398
1747398193248077,-0.498244,0.434894,0.836595
1747398193248883,-0.413508,0.372856,0.71739
1747398193249182,-0.114599,0.15347,0.302737
1747398193249196,-0.479047,0.420834,0.80958
1747398193249204,-0.119287,0.156185,0.309254
1747398193249477,0.0192293,0.0529238,0.109621
1747398193249594,0.0192293,0.0529238,0.109621
1747398193249710,0.0192293,0.0529238,0.109621
1747398193249826,0.0192293,0.0529238,0.109621
1747398193249942,0.0192293,0.0529238,0.109621
1747398193250058,0.0192293,0.0529238,0.109621
1747398193250152,-0.112142,0.148272,0.295901
1747398193250175,0.0192293,0.0529238,0.109621
1747398193250258,-0.119303,0.152693,0.305877
1747398193250284,-0.533508,0.458569,0.885359
1747398193250291,0.0192293,0.0529238,0.109621
1747398193250407,0.0192293,0.0529238,0.109621
1747398193250523,0.0192293,0.0529238,0.109621
1747398193250615,-0.1103,0.150017,0.29138
1747398193250640,0.0192293,0.0529238,0.109621
1747398193250756,0.0192293,0.0529238,0.109621
1747398193250872,0.0192293,0.0529238,0.109621
1747398193250933,-0.106296,0.148361,0.286024
1747398193250937,-0.11536,0.154176,0.304149
1747398193250988,0.0192293,0.0529238,0.109621
1747398193251105,0.0192293,0.0529238,0.109621
1747398193251221,0.0192293,0.0529238,0.109621
1747398193251337,0.0192293,0.0529238,0.109621
1747398193251441,-0.124172,0.154222,0.312587
1747398193251453,0.0192293,0.0529238,0.109621
1747398193251541,-0.107547,0.148495,0.287328
1747398193251802,0.0192181,0.0527246,0.109659
1747398193251919,0.0192181,0.0527246,0.109659
1747398193252035,0.0192181,0.0527246,0.109659
1747398193252152,0.0192181,0.0527246,0.109659
1747398193252268,0.0192181,0.0527246,0.109659
1747398193252331,-0.126978,0.153718,0.316584
1747398193252384,0.0192181,0.0527246,0.109659
1747398193252500,0.0192181,0.0527246,0.109659
1747398193252617,0.0192293,0.0529238,0.109621
1747398193252664,-0.1175,0.151562,0.303642
1747398193252733,0.0192293,0.0529238,0.109621
1747398193252751,-0.11035,0.152839,0.29694
1747398193252849,0.019208,0.052523,0.109693
1747398193252928,-0.071203,0.118701,0.238008
1747398193252945,-0.123017,0.163943,0.322181
1747398193252964,0.019208,0.052523,0.109693
1747398193253021,-0.124712,0.152859,0.313573
1747398193253080,0.0194127,0.0534232,0.110665
1747398193253151,-0.116761,0.149715,0.302296
1747398193253195,0.0194127,0.0534232,0.110665
1747398193253312,0.0194127,0.0534232,0.110665
1747398193253428,0.0194127,0.0534232,0.110665
1747398193253545,0.0194127,0.0534232,0.110665
1747398193253545,-0.117478,0.15273,0.303598
1747398193253553,-0.119303,0.152693,0.305877
1747398193253661,0.0194127,0.0534232,0.110665
1747398193253777,0.0194127,0.0534232,0.110665
1747398193253785,-0.10403,0.146701,0.282833
1747398193253893,0.0192181,0.0527246,0.109659
1747398193253958,-0.108302,0.149203,0.288719
1747398193254005,-0.11524,0.151773,0.300546
1747398193254010,0.0192181,0.0527246,0.109659
1747398193254126,0.0192181,0.0527246,0.109659
1747398193254139,-0.106296,0.148361,0.286024
1747398193254241,0.0192181,0.0527246,0.109659
1747398193254252,-0.492138,0.425186,0.82723
1747398193254357,0.0192181,0.0527246,0.109659
1747398193254473,0.0192181,0.0527246,0.109659
1747398193254589,0.0192181,0.0527246,0.109659
1747398193254705,0.0192181,0.0527246,0.109659
1747398193254822,0.0192181,0.0527246,0.109659
1747398193254939,0.0192181,0.0527246,0.109659
1747398193255038,-0.0996937,0.138041,0.279937
1747398193255054,0.0195056,0.0536763,0.111194
1747398193255170,0.0195056,0.0536763,0.111194
1747398193255287,0.0195056,0.0536763,0.111194
1747398193255402,0.0195056,0.0536763,0.111194
1747398193255519,0.0195056,0.0536763,0.111194
1747398193255621,-0.457247,0.400671,0.773634
1747398193255635,0.019208,0.052523,0.109693
1747398193255649,-0.128669,0.157031,0.320832
1747398193255692,-0.119899,0.151552,0.304752
1747398193255752,0.019208,0.052523,0.109693
1747398193255797,-0.0979099,0.141274,0.272358
1747398193255868,0.019208,0.052523,0.109693
1747398193255985,0.019208,0.052523,0.109693
1747398193256024,-0.468067,0.412325,0.790239
1747398193256102,0.019208,0.052523,0.109693
1747398193256219,0.019208,0.052523,0.109693
1747398193256335,0.019208,0.052523,0.109693
1747398193256450,0.019208,0.052523,0.109693
1747398193256566,0.0193093,0.0529724,0.110179
1747398193256683,0.0193093,0.0529724,0.110179
1747398193256697,-0.110682,0.149801,0.292083
1747398193256738,-0.439247,0.386928,0.752885
1747398193256779,-0.117748,0.151896,0.301896
1747398193256799,0.0193093,0.0529724,0.110179
1747398193256915,0.0193093,0.0529724,0.110179
1747398193257031,0.0193093,0.0529724,0.110179
1747398193257147,0.0193093,0.0529724,0.110179
1747398193257263,0.0193093,0.0529724,0.110179
1747398193257374,-0.5004,0.430735,0.834823
1747398193257379,0.0193093,0.0529724,0.110179
1747398193257495,0.0193093,0.0529724,0.110179
1747398193257611,0.0193093,0.0529724,0.110179
1747398193257676,-0.10809,0.14167,0.288355
1747398193257728,0.0193093,0.0529724,0.110179
1747398193257779,-0.486685,0.422766,0.816353
1747398193257845,0.0193093,0.0529724,0.110179
1747398193257961,0.0193093,0.0529724,0.110179
1747398193258078,0.0193093,0.0529724,0.110179
1747398193258090,-0.378817,0.347076,0.665334
1747398193258194,0.0193206,0.0531724,0.110141
1747398193258310,0.0193206,0.0531724,0.110141
1747398193258426,0.0193206,0.0531724,0.110141
1747398193258543,0.0193206,0.0531724,0.110141
1747398193258659,0.0193206,0.0531724,0.110141
1747398193258776,0.0193206,0.0531724,0.110141
1747398193258832,-0.10831,0.146808,0.295339
1747398193258893,0.0193206,0.0531724,0.110141
1747398193258950,-0.121316,0.154493,0.310725
1747398193258984,-0.125835,0.156289,0.316789
1747398193259010,0.0193206,0.0531724,0.110141
1747398193259010,-0.108923,0.148647,0.289862
1747398193259126,0.0193206,0.0531724,0.110141
1747398193259242,0.0191389,0.0526775,0.109106
1747398193259245,-0.123583,0.155409,0.313781
1747398193259358,0.0191389,0.0526775,0.109106
1747398193259475,0.0191389,0.0526775,0.109106
1747398193259592,0.0191389,0.0526775,0.109106
1747398193259708,0.0191277,0.052479,0.109144
1747398193259824,0.0191277,0.052479,0.109144
1747398193259941,0.0191277,0.052479,0.109144
1747398193260027,-0.110907,0.148947,0.290373
1747398193260058,0.0191277,0.052479,0.109144
1747398193260081,-0.120042,0.14571,0.305031
1747398193260174,0.0191277,0.052479,0.109144
1747398193260252,-0.122001,0.15571,0.313165
1747398193260270,-0.113328,0.149542,0.293769
1747398193260290,0.0191277,0.052479,0.109144
1747398193260348,-0.125783,0.152715,0.313254
1747398193260407,0.0191176,0.0522783,0.109177
1747398193260523,0.0191176,0.0522783,0.109177
1747398193260640,0.0191176,0.0522783,0.109177
1747398193260756,0.0191176,0.0522783,0.109177
1747398193260873,0.0191176,0.0522783,0.109177
1747398193260989,0.0191176,0.0522783,0.109177
1747398193261104,0.0191176,0.0522783,0.109177
1747398193261221,-0.505983,0.440059,0.84333
1747398193261221,0.0191176,0.0522783,0.109177
1747398193261255,-0.558598,0.474151,0.915335
1747398193261336,0.0191176,0.0522783,0.109177
1747398193261453,0.0191389,0.0526775,0.109106
1747398193261569,0.0191389,0.0526775,0.109106
1747398193261605,-0.339256,0.321302,0.620803
1747398193261686,0.0191389,0.0526775,0.109106
1747398193261740,-0.125811,0.151514,0.313309
1747398193261802,0.0191277,0.052479,0.109144
1747398193261919,0.0191277,0.052479,0.109144
1747398193262035,0.0191277,0.052479,0.109144
1747398193262059,-0.109946,0.147402,0.289626
1747398193262151,0.0191277,0.052479,0.109144
1747398193262268,0.0191277,0.052479,0.109144
1747398193262385,0.0191277,0.052479,0.109144
1747398193262501,0.0191277,0.052479,0.109144
1747398193262617,0.0191087,0.0520752,0.109206
1747398193262624,-0.520997,0.445624,0.863648
1747398193262707,-0.128587,0.153407,0.317213
1747398193262733,0.0191087,0.0520752,0.109206
1747398193262849,0.0191087,0.0520752,0.109206
1747398193262966,0.0191087,0.0520752,0.109206
1747398193263081,0.0191087,0.0520752,0.109206
1747398193263086,-0.493959,0.42407,0.824994
1747398193263158,-0.124753,0.156437,0.317115
1747398193263197,0.0191087,0.0520752,0.109206
1747398193263294,-0.127543,0.15841,0.321103
1747398193263313,0.0191087,0.0520752,0.109206
1747398193263430,0.0191176,0.0522783,0.109177
1747398193263546,0.0191176,0.0522783,0.109177
1747398193263662,0.0191176,0.0522783,0.109177
1747398193263757,-0.113245,0.146936,0.299086
1747398193263778,0.0191176,0.0522783,0.109177
1747398193263820,-0.397539,0.349376,0.690373
1747398193263836,-0.115743,0.159892,0.308311
1747398193263888,-0.117748,0.151896,0.301896
1747398193263894,0.0191176,0.0522783,0.109177
1747398193264010,0.0191176,0.0522783,0.109177
1747398193264104,-0.115232,0.15011,0.298357
1747398193264112,-0.10211,0.142612,0.280266
1747398193264126,0.0194127,0.0534232,0.110665
1747398193264238,-0.458159,0.392295,0.775059
1747398193264242,0.0194127,0.0534232,0.110665
1747398193264357,0.0193093,0.0529724,0.110179
1747398193264473,0.0193093,0.0529724,0.110179
1747398193264482,-0.116431,0.152868,0.303896
1747398193264497,-0.123555,0.156611,0.313726
1747398193264528,-0.116737,0.153741,0.304455
1747398193264588,0.0192181,0.0527246,0.109659
1747398193264704,0.0192181,0.0527246,0.109659
1747398193264819,0.0192181,0.0527246,0.109659
1747398193264863,-0.113916,0.143566,0.298141
1747398193264935,0.0192181,0.0527246,0.109659
1747398193265051,0.0192181,0.0527246,0.109659
1747398193265167,0.0192181,0.0527246,0.109659
1747398193265284,0.0192181,0.0527246,0.109659
1747398193265390,-0.125119,0.155058,0.314304
1747398193265400,0.0192181,0.0527246,0.109659
1747398193265505,-0.107591,0.146833,0.286313
1747398193265516,0.0192181,0.0527246,0.109659
1747398193265632,0.0192181,0.0527246,0.109659
1747398193265749,0.0192181,0.0527246,0.109659
1747398193265866,0.0192293,0.0529238,0.109621
1747398193265982,0.0192293,0.0529238,0.109621
1747398193266099,0.0192293,0.0529238,0.109621
1747398193266129,-0.113433,0.145035,0.293975
1747398193266215,0.0192293,0.0529238,0.109621
1747398193266332,0.0192293,0.0529238,0.109621
1747398193266448,0.0192293,0.0529238,0.109621
1747398193266564,0.0192293,0.0529238,0.109621
1747398193266606,-0.129792,0.155654,0.32056
1747398193266681,0.0192293,0.0529238,0.109621
1747398193266737,-0.123635,0.150886,0.308239
1747398193266798,0.0192293,0.0529238,0.109621
1747398193266914,0.0192293,0.0529238,0.109621
1747398193266995,-0.0930399,0.137523,0.264143
1747398193267030,0.0192293,0.0529238,0.109621
1747398193267147,0.019208,0.052523,0.109693
1747398193267263,0.019208,0.052523,0.109693
1747398193267378,0.0193206,0.0531724,0.110141
1747398193267494,0.0193206,0.0531724,0.110141
1747398193267611,0.0193206,0.0531724,0.110141
1747398193267727,0.0193206,0.0531724,0.110141
1747398193267843,0.0193206,0.0531724,0.110141
1747398193267959,0.0190493,0.0524334,0.108596
1747398193268048,-0.118837,0.149443,0.301699
1747398193268050,-0.107976,0.147267,0.284938
1747398193268076,0.0190493,0.0524334,0.108596
1747398193268192,0.0190493,0.0524334,0.108596
1747398193268247,-0.117369,0.148032,0.300081
1747398193268309,0.0190493,0.0524334,0.108596
1747398193268313,-0.339754,0.311456,0.606124
1747398193268334,-0.114823,0.148579,0.296488
1747398193268424,0.0190493,0.0524334,0.108596
1747398193268434,-0.107636,0.146396,0.284322
1747398193268541,0.0190381,0.0522357,0.108634
1747398193268657,0.0190381,0.0522357,0.108634
1747398193268694,-0.126427,0.149152,0.312185
1747398193268773,0.0190381,0.0522357,0.108634
1747398193268886,-0.111692,0.14967,0.291804
1747398193268889,0.0190381,0.0522357,0.108634
1747398193268980,-0.126396,0.150347,0.312126
1747398193269005,0.0190192,0.0518335,0.108695
1747398193269060,-0.121506,0.147726,0.305476
1747398193269122,0.0190192,0.0518335,0.108695
1747398193269238,0.0190192,0.0518335,0.108695
1747398193269354,0.0190192,0.0518335,0.108695
1747398193269380,-0.385483,0.346719,0.669538
1747398193269402,-0.585525,0.490886,0.947529
1747398193269469,0.0190281,0.0520357,0.108666
1747398193269585,0.0190281,0.0520357,0.108666
1747398193269679,-0.129195,0.151005,0.316052
1747398193269693,-0.129695,0.152046,0.316942
1747398193269701,0.0190281,0.0520357,0.108666
1747398193269754,-0.515908,0.437367,0.850762
1747398193269817,0.0190281,0.0520357,0.108666
1747398193269885,-0.117349,0.149189,0.300042
1747398193269933,0.0190281,0.0520357,0.108666
1747398193270049,0.0190281,0.0520357,0.108666
1747398193270114,-0.111909,0.148815,0.290094
1747398193270129,-0.329623,0.304222,0.592068
1747398193270151,-0.132032,0.152905,0.320015
1747398193270164,0.0191087,0.0520752,0.109206
1747398193270177,-0.12148,0.148898,0.305423
1747398193270280,0.0191087,0.0520752,0.109206
1747398193270396,0.0191087,0.0520752,0.109206
1747398193270511,0.0191087,0.0520752,0.109206
1747398193270627,0.0191087,0.0520752,0.109206
1747398193270743,0.0191087,0.0520752,0.109206
1747398193270750,-0.477603,0.403764,0.797623
1747398193270796,-0.514098,0.438561,0.853152
1747398193270859,0.0190493,0.0524334,0.108596
1747398193270975,0.0190493,0.0524334,0.108596
1747398193271090,0.0190493,0.0524334,0.108596
1747398193271206,0.0190493,0.0524334,0.108596
1747398193271248,-0.516278,0.434322,0.85133
1747398193271321,0.0190192,0.0518335,0.108695
1747398193271396,-0.496111,0.420003,0.823295
1747398193271437,0.0190192,0.0518335,0.108695
1747398193271467,-0.386941,0.348871,0.673846
1747398193271553,0.0190192,0.0518335,0.108695
1747398193271669,0.0190192,0.0518335,0.108695
